,preprocessing,dimred,n_components,n_neighbors,min_dist,perplexity,clustering,k,silhouette,stability_ari
0,raw,pca,2,,,,kmeans,3,0.4867668077821257,0.9875500306002394
1,raw,pca,2,,,,kmeans,4,0.49937345938403105,0.9991772091805686
2,raw,pca,2,,,,kmeans,5,0.5449981339516393,0.9992223863371679
3,raw,pca,2,,,,gmm,3,0.44787034453387903,0.8016047322938544
4,raw,pca,2,,,,gmm,4,0.38533673601712615,0.5725643258360672
5,raw,pca,2,,,,gmm,5,0.4120781988225949,0.9027735230447125
6,raw,pca,2,,,,hierarchical,3,0.5966355622425478,0.9256359485443574
7,raw,pca,2,,,,hierarchical,4,0.45839177857028013,0.6865060406368283
8,raw,pca,2,,,,hierarchical,5,0.5134486375303687,0.8849423266629663
9,raw,pca,3,,,,kmeans,3,0.43682090113568883,0.9944818248663758
10,raw,pca,3,,,,kmeans,4,0.4439207757237892,0.9971953650862929
11,raw,pca,3,,,,kmeans,5,0.4798516073312048,0.9972035614686008
12,raw,pca,3,,,,gmm,3,0.42410538015988486,0.8934186633461739
13,raw,pca,3,,,,gmm,4,0.35090110679848735,0.6817955546497997
14,raw,pca,3,,,,gmm,5,0.36178207201046503,0.9062311688526101
15,raw,pca,3,,,,hierarchical,3,0.42475662388465846,0.9998200735013573
16,raw,pca,3,,,,hierarchical,4,0.4407060364334175,0.9939547290709783
17,raw,pca,3,,,,hierarchical,5,0.47884439064692225,0.9916979267076169
18,raw,pca,5,,,,kmeans,3,0.4343523622373894,0.9894118070548104
19,raw,pca,5,,,,kmeans,4,0.4414059918370302,0.9976426384427604
20,raw,pca,5,,,,kmeans,5,0.47596419404025175,0.9848829165467105
21,raw,pca,5,,,,gmm,3,0.41885490134888076,0.9642294350563195
22,raw,pca,5,,,,gmm,4,0.4033714650458251,0.8424404881826321
23,raw,pca,5,,,,gmm,5,0.3796659915880618,0.9343460019764911
24,raw,pca,5,,,,hierarchical,3,0.4220455889161427,0.9979246629969615
25,raw,pca,5,,,,hierarchical,4,0.4376570926760769,0.9932881816903651
26,raw,pca,5,,,,hierarchical,5,0.47525709835127034,0.9902223836853418
27,raw,pca,10,,,,kmeans,3,0.43321615650637035,0.9920527885128854
28,raw,pca,10,,,,kmeans,4,0.4400739819701945,0.996969443776442
29,raw,pca,10,,,,kmeans,5,0.4744314519133839,0.982119043186911
30,raw,pca,10,,,,gmm,3,0.41977530040263894,0.8360228462705774
31,raw,pca,10,,,,gmm,4,0.40500331144498314,0.7282246014866126
32,raw,pca,10,,,,gmm,5,0.3370600355877827,0.889830570772719
33,raw,pca,10,,,,hierarchical,3,0.42084502647162597,0.992676951221294
34,raw,pca,10,,,,hierarchical,4,0.4362794746870935,0.9941115555497667
35,raw,pca,10,,,,hierarchical,5,0.4735129726894411,0.9830756900614955
36,raw,umap,2,5.0,0.0,,kmeans,3,0.3861979842185974,0.9662735862572638
37,raw,umap,2,5.0,0.0,,kmeans,4,0.37979742884635925,0.9896067542903482
38,raw,umap,2,5.0,0.0,,kmeans,5,0.36394524574279785,0.9767655493600875
39,raw,umap,2,5.0,0.0,,gmm,3,0.35879257321357727,0.3214037124208646
40,raw,umap,2,5.0,0.0,,gmm,4,0.36386141180992126,0.564929208722312
41,raw,umap,2,5.0,0.0,,gmm,5,0.35891586542129517,0.630327458322444
42,raw,umap,2,5.0,0.0,,hierarchical,3,0.342568576335907,0.6446857121094556
43,raw,umap,2,5.0,0.0,,hierarchical,4,0.31761616468429565,0.5278577454920914
44,raw,umap,2,5.0,0.0,,hierarchical,5,0.321267306804657,0.608688696948912
45,raw,umap,2,5.0,0.1,,kmeans,3,0.37478137016296387,0.8989504409188682
46,raw,umap,2,5.0,0.1,,kmeans,4,0.37032538652420044,0.8972269226101792
47,raw,umap,2,5.0,0.1,,kmeans,5,0.3606203496456146,0.7959518436242583
48,raw,umap,2,5.0,0.1,,gmm,3,0.37342414259910583,0.5871548061461429
49,raw,umap,2,5.0,0.1,,gmm,4,0.36106863617897034,0.5112793056509705
50,raw,umap,2,5.0,0.1,,gmm,5,0.3479737639427185,0.6780093058824399
51,raw,umap,2,5.0,0.1,,hierarchical,3,0.3322872817516327,0.45018872109878644
52,raw,umap,2,5.0,0.1,,hierarchical,4,0.315803200006485,0.540085342734854
53,raw,umap,2,5.0,0.1,,hierarchical,5,0.2988184094429016,0.6693177105677459
54,raw,umap,2,5.0,0.5,,kmeans,3,0.3905774652957916,0.9881808129391477
55,raw,umap,2,5.0,0.5,,kmeans,4,0.3625480532646179,0.9517671241705622
56,raw,umap,2,5.0,0.5,,kmeans,5,0.3453129827976227,0.9562660026476165
57,raw,umap,2,5.0,0.5,,gmm,3,0.3905330300331116,0.9281155004059295
58,raw,umap,2,5.0,0.5,,gmm,4,0.3506711423397064,0.4955582357483834
59,raw,umap,2,5.0,0.5,,gmm,5,0.3314935266971588,0.6123333314707105
60,raw,umap,2,5.0,0.5,,hierarchical,3,0.3657851219177246,0.48077806421804625
61,raw,umap,2,5.0,0.5,,hierarchical,4,0.3111205995082855,0.49086289752398093
62,raw,umap,2,5.0,0.5,,hierarchical,5,0.31459277868270874,0.44277782077217703
63,raw,umap,2,15.0,0.0,,kmeans,3,0.4480437636375427,0.8451643836801
64,raw,umap,2,15.0,0.0,,kmeans,4,0.4530393183231354,0.9970210827258664
65,raw,umap,2,15.0,0.0,,kmeans,5,0.44984322786331177,1.0
66,raw,umap,2,15.0,0.0,,gmm,3,0.4412669837474823,0.8068286627136481
67,raw,umap,2,15.0,0.0,,gmm,4,0.4146950840950012,0.5412313372517034
68,raw,umap,2,15.0,0.0,,gmm,5,0.4468615651130676,0.7568993285858974
69,raw,umap,2,15.0,0.0,,hierarchical,3,0.3960301876068115,0.9587815732956072
70,raw,umap,2,15.0,0.0,,hierarchical,4,0.4336744248867035,0.9961505585750501
71,raw,umap,2,15.0,0.0,,hierarchical,5,0.43987053632736206,0.9892818819509311
72,raw,umap,2,15.0,0.1,,kmeans,3,0.41523829102516174,0.9743126860886453
73,raw,umap,2,15.0,0.1,,kmeans,4,0.4350658357143402,0.9927778650016363
74,raw,umap,2,15.0,0.1,,kmeans,5,0.42877233028411865,0.9772920235479912
75,raw,umap,2,15.0,0.1,,gmm,3,0.38873204588890076,0.6631230273103074
76,raw,umap,2,15.0,0.1,,gmm,4,0.41368216276168823,0.8330493973491271
77,raw,umap,2,15.0,0.1,,gmm,5,0.36872872710227966,0.7139737652016974
78,raw,umap,2,15.0,0.1,,hierarchical,3,0.39009860157966614,0.9675896474293278
79,raw,umap,2,15.0,0.1,,hierarchical,4,0.3841541111469269,0.8021048310987703
80,raw,umap,2,15.0,0.1,,hierarchical,5,0.40305861830711365,0.9911522766486681
81,raw,umap,2,15.0,0.5,,kmeans,3,0.41880613565444946,0.9922263804618829
82,raw,umap,2,15.0,0.5,,kmeans,4,0.4100308120250702,0.9568624502590077
83,raw,umap,2,15.0,0.5,,kmeans,5,0.40654104948043823,0.9929126306868394
84,raw,umap,2,15.0,0.5,,gmm,3,0.37971213459968567,0.9647483790339259
85,raw,umap,2,15.0,0.5,,gmm,4,0.35553979873657227,0.5792404850321846
86,raw,umap,2,15.0,0.5,,gmm,5,0.3714289963245392,0.5486391356300263
87,raw,umap,2,15.0,0.5,,hierarchical,3,0.40783387422561646,0.841099948399509
88,raw,umap,2,15.0,0.5,,hierarchical,4,0.3995357155799866,0.8241797281789558
89,raw,umap,2,15.0,0.5,,hierarchical,5,0.38779884576797485,0.8385165415729161
90,raw,umap,2,30.0,0.0,,kmeans,3,0.4611019790172577,0.999566844820724
91,raw,umap,2,30.0,0.0,,kmeans,4,0.4539792239665985,0.9949638774242645
92,raw,umap,2,30.0,0.0,,kmeans,5,0.45946210622787476,0.9975349426826482
93,raw,umap,2,30.0,0.0,,gmm,3,0.42042455077171326,0.8921158254040239
94,raw,umap,2,30.0,0.0,,gmm,4,0.39320969581604004,0.6742188240501227
95,raw,umap,2,30.0,0.0,,gmm,5,0.45917701721191406,0.684619928918481
96,raw,umap,2,30.0,0.0,,hierarchical,3,0.42662671208381653,0.9129027664560582
97,raw,umap,2,30.0,0.0,,hierarchical,4,0.4593481719493866,0.9356502253972251
98,raw,umap,2,30.0,0.0,,hierarchical,5,0.4765821099281311,0.9835701090016168
99,raw,umap,2,30.0,0.1,,kmeans,3,0.47686636447906494,0.9987715783483141
100,raw,umap,2,30.0,0.1,,kmeans,4,0.46661439538002014,0.9915126088508253
101,raw,umap,2,30.0,0.1,,kmeans,5,0.4864361584186554,0.9901053358725573
102,raw,umap,2,30.0,0.1,,gmm,3,0.47213736176490784,0.7267491872035987
103,raw,umap,2,30.0,0.1,,gmm,4,0.29658952355384827,0.483684695756327
104,raw,umap,2,30.0,0.1,,gmm,5,0.48580077290534973,0.913572682921701
105,raw,umap,2,30.0,0.1,,hierarchical,3,0.43217992782592773,0.9914588706365435
106,raw,umap,2,30.0,0.1,,hierarchical,4,0.46812722086906433,0.9958275843020877
107,raw,umap,2,30.0,0.1,,hierarchical,5,0.4579600989818573,0.9933129798109677
108,raw,umap,2,30.0,0.5,,kmeans,3,0.4433220624923706,0.9936619221362061
109,raw,umap,2,30.0,0.5,,kmeans,4,0.45583856105804443,0.9942012001761233
110,raw,umap,2,30.0,0.5,,kmeans,5,0.46083691716194153,0.9967829076742518
111,raw,umap,2,30.0,0.5,,gmm,3,0.4319950342178345,0.9610516480829738
112,raw,umap,2,30.0,0.5,,gmm,4,0.4083962142467499,0.8128673884684148
113,raw,umap,2,30.0,0.5,,gmm,5,0.4438224136829376,0.6664314720441556
114,raw,umap,2,30.0,0.5,,hierarchical,3,0.42385321855545044,0.929227346232771
115,raw,umap,2,30.0,0.5,,hierarchical,4,0.4201260209083557,0.8934780430468031
116,raw,umap,2,30.0,0.5,,hierarchical,5,0.4073024392127991,0.8703946819064551
117,raw,umap,3,5.0,0.0,,kmeans,3,0.32045572996139526,0.9941791792865771
118,raw,umap,3,5.0,0.0,,kmeans,4,0.34731602668762207,0.9965520483477625
119,raw,umap,3,5.0,0.0,,kmeans,5,0.3469958007335663,0.9080528686825319
120,raw,umap,3,5.0,0.0,,gmm,3,0.3133332133293152,0.8852065665855765
121,raw,umap,3,5.0,0.0,,gmm,4,0.3328916132450104,0.791255602823336
122,raw,umap,3,5.0,0.0,,gmm,5,0.31917765736579895,0.678675084990106
123,raw,umap,3,5.0,0.0,,hierarchical,3,0.271866112947464,0.8706521549232934
124,raw,umap,3,5.0,0.0,,hierarchical,4,0.3269805908203125,0.9325145475020594
125,raw,umap,3,5.0,0.0,,hierarchical,5,0.33291491866111755,0.9148068692991077
126,raw,umap,3,5.0,0.1,,kmeans,3,0.2725849449634552,0.8413607099029253
127,raw,umap,3,5.0,0.1,,kmeans,4,0.29658830165863037,0.7960610170268432
128,raw,umap,3,5.0,0.1,,kmeans,5,0.29939669370651245,0.5247282978819099
129,raw,umap,3,5.0,0.1,,gmm,3,0.26785069704055786,0.31901199584936896
130,raw,umap,3,5.0,0.1,,gmm,4,0.2827545404434204,0.43235523770518547
131,raw,umap,3,5.0,0.1,,gmm,5,0.25462859869003296,0.44920793479733645
132,raw,umap,3,5.0,0.1,,hierarchical,3,0.23972654342651367,0.6613546137508866
133,raw,umap,3,5.0,0.1,,hierarchical,4,0.23570631444454193,0.6489813283283182
134,raw,umap,3,5.0,0.1,,hierarchical,5,0.24891255795955658,0.7352731156407915
135,raw,umap,3,5.0,0.5,,kmeans,3,0.28666573762893677,0.9198229488062677
136,raw,umap,3,5.0,0.5,,kmeans,4,0.2893995940685272,0.9606993077657126
137,raw,umap,3,5.0,0.5,,kmeans,5,0.27871590852737427,0.8560547303762769
138,raw,umap,3,5.0,0.5,,gmm,3,0.27257639169692993,0.6434431597215513
139,raw,umap,3,5.0,0.5,,gmm,4,0.2813397943973541,0.760095396269405
140,raw,umap,3,5.0,0.5,,gmm,5,0.2680528163909912,0.4201384936070095
141,raw,umap,3,5.0,0.5,,hierarchical,3,0.23728737235069275,0.36151269761989097
142,raw,umap,3,5.0,0.5,,hierarchical,4,0.23248103260993958,0.6052329438025759
143,raw,umap,3,5.0,0.5,,hierarchical,5,0.23088596761226654,0.6252986155786515
144,raw,umap,3,15.0,0.0,,kmeans,3,0.4049712121486664,0.9938318382895911
145,raw,umap,3,15.0,0.0,,kmeans,4,0.4568687379360199,0.9983869079316386
146,raw,umap,3,15.0,0.0,,kmeans,5,0.4522237777709961,0.9999791328885924
147,raw,umap,3,15.0,0.0,,gmm,3,0.40431514382362366,0.7285087094862699
148,raw,umap,3,15.0,0.0,,gmm,4,0.4317840039730072,0.7868876269478099
149,raw,umap,3,15.0,0.0,,gmm,5,0.4005716145038605,0.701330347411118
150,raw,umap,3,15.0,0.0,,hierarchical,3,0.3927153944969177,1.0
151,raw,umap,3,15.0,0.0,,hierarchical,4,0.4272367060184479,0.9950084571696337
152,raw,umap,3,15.0,0.0,,hierarchical,5,0.452388733625412,0.9881536757029241
153,raw,umap,3,15.0,0.1,,kmeans,3,0.40052422881126404,0.9852682605272747
154,raw,umap,3,15.0,0.1,,kmeans,4,0.44529980421066284,0.9883135218928362
155,raw,umap,3,15.0,0.1,,kmeans,5,0.44681787490844727,0.5950245357138886
156,raw,umap,3,15.0,0.1,,gmm,3,0.39701318740844727,0.709984384983779
157,raw,umap,3,15.0,0.1,,gmm,4,0.4446781575679779,0.8454450272478753
158,raw,umap,3,15.0,0.1,,gmm,5,0.4409435987472534,0.7158321071278939
159,raw,umap,3,15.0,0.1,,hierarchical,3,0.3631783425807953,0.934237199589586
160,raw,umap,3,15.0,0.1,,hierarchical,4,0.4226306974887848,0.908436393680281
161,raw,umap,3,15.0,0.1,,hierarchical,5,0.41693025827407837,0.8751697880991895
162,raw,umap,3,15.0,0.5,,kmeans,3,0.3528360426425934,0.9779932740918764
163,raw,umap,3,15.0,0.5,,kmeans,4,0.3960553705692291,0.9618478993109092
164,raw,umap,3,15.0,0.5,,kmeans,5,0.37476488947868347,0.9823680322082088
165,raw,umap,3,15.0,0.5,,gmm,3,0.3524297773838043,0.722851080361681
166,raw,umap,3,15.0,0.5,,gmm,4,0.3241475224494934,0.5740032325327529
167,raw,umap,3,15.0,0.5,,gmm,5,0.355068564414978,0.6691706820262149
168,raw,umap,3,15.0,0.5,,hierarchical,3,0.3417246639728546,0.7906707718481261
169,raw,umap,3,15.0,0.5,,hierarchical,4,0.3667294979095459,0.9331939365355422
170,raw,umap,3,15.0,0.5,,hierarchical,5,0.3704923391342163,0.8136241606709895
171,raw,umap,3,30.0,0.0,,kmeans,3,0.42685845494270325,0.9613458097646308
172,raw,umap,3,30.0,0.0,,kmeans,4,0.48573893308639526,1.0
173,raw,umap,3,30.0,0.0,,kmeans,5,0.49055665731430054,0.9993892393690337
174,raw,umap,3,30.0,0.0,,gmm,3,0.42003464698791504,0.5958235254730574
175,raw,umap,3,30.0,0.0,,gmm,4,0.44847553968429565,0.7875687512263981
176,raw,umap,3,30.0,0.0,,gmm,5,0.4785129725933075,0.7210959569690946
177,raw,umap,3,30.0,0.0,,hierarchical,3,0.40510833263397217,0.885602916227247
178,raw,umap,3,30.0,0.0,,hierarchical,4,0.47881901264190674,0.9308899369775122
179,raw,umap,3,30.0,0.0,,hierarchical,5,0.4650363326072693,0.846588374236957
180,raw,umap,3,30.0,0.1,,kmeans,3,0.4169429540634155,0.9889133151874576
181,raw,umap,3,30.0,0.1,,kmeans,4,0.48039671778678894,0.9986785895893567
182,raw,umap,3,30.0,0.1,,kmeans,5,0.4694882333278656,0.8806979244990305
183,raw,umap,3,30.0,0.1,,gmm,3,0.4144603908061981,0.668833354707028
184,raw,umap,3,30.0,0.1,,gmm,4,0.4738711416721344,0.850510496874118
185,raw,umap,3,30.0,0.1,,gmm,5,0.493222177028656,0.8006715331782136
186,raw,umap,3,30.0,0.1,,hierarchical,3,0.3847622573375702,0.7996481562428989
187,raw,umap,3,30.0,0.1,,hierarchical,4,0.45377159118652344,0.9871895432837121
188,raw,umap,3,30.0,0.1,,hierarchical,5,0.47543853521347046,0.8991203979815606
189,raw,umap,3,30.0,0.5,,kmeans,3,0.38070347905158997,0.9981106979958689
190,raw,umap,3,30.0,0.5,,kmeans,4,0.42759332060813904,0.9979736386278097
191,raw,umap,3,30.0,0.5,,kmeans,5,0.4451676905155182,0.8552733774220119
192,raw,umap,3,30.0,0.5,,gmm,3,0.36418184638023376,0.464439796052642
193,raw,umap,3,30.0,0.5,,gmm,4,0.41396379470825195,0.6591804773996397
194,raw,umap,3,30.0,0.5,,gmm,5,0.42729562520980835,0.6580990651437472
195,raw,umap,3,30.0,0.5,,hierarchical,3,0.35003775358200073,0.6801230299617133
196,raw,umap,3,30.0,0.5,,hierarchical,4,0.4037279486656189,0.8436189610381679
197,raw,umap,3,30.0,0.5,,hierarchical,5,0.4333589971065521,0.8378466323031141
198,raw,umap,5,5.0,0.0,,kmeans,3,0.23822329938411713,0.7803326223809521
199,raw,umap,5,5.0,0.0,,kmeans,4,0.2903945744037628,0.929129955986873
200,raw,umap,5,5.0,0.0,,kmeans,5,0.32042667269706726,0.9534396456014176
201,raw,umap,5,5.0,0.0,,gmm,3,0.22927847504615784,0.28137689458651344
202,raw,umap,5,5.0,0.0,,gmm,4,0.2585013806819916,0.41283948890340577
203,raw,umap,5,5.0,0.0,,gmm,5,0.30369681119918823,0.76924200222257
204,raw,umap,5,5.0,0.0,,hierarchical,3,0.22039343416690826,0.8792947635575437
205,raw,umap,5,5.0,0.0,,hierarchical,4,0.27112939953804016,0.8765587091221221
206,raw,umap,5,5.0,0.0,,hierarchical,5,0.3114677667617798,0.9043811193431093
207,raw,umap,5,5.0,0.1,,kmeans,3,0.2425527423620224,0.9775813529169929
208,raw,umap,5,5.0,0.1,,kmeans,4,0.24684424698352814,0.7258260611223959
209,raw,umap,5,5.0,0.1,,kmeans,5,0.2732395529747009,0.9193051360074561
210,raw,umap,5,5.0,0.1,,gmm,3,0.2251482903957367,0.4943391299344224
211,raw,umap,5,5.0,0.1,,gmm,4,0.23022250831127167,0.4793459462437832
212,raw,umap,5,5.0,0.1,,gmm,5,0.1917564868927002,0.40730075650303327
213,raw,umap,5,5.0,0.1,,hierarchical,3,0.2016492784023285,0.5849625759705597
214,raw,umap,5,5.0,0.1,,hierarchical,4,0.24030040204524994,0.6756090344235396
215,raw,umap,5,5.0,0.1,,hierarchical,5,0.25769156217575073,0.7202476509208942
216,raw,umap,5,5.0,0.5,,kmeans,3,0.2091676890850067,0.9856526836907525
217,raw,umap,5,5.0,0.5,,kmeans,4,0.2395973950624466,0.9870787661216432
218,raw,umap,5,5.0,0.5,,kmeans,5,0.24819454550743103,0.8771838598308925
219,raw,umap,5,5.0,0.5,,gmm,3,0.19676744937896729,0.5082782095146053
220,raw,umap,5,5.0,0.5,,gmm,4,0.2340545952320099,0.5232667359887908
221,raw,umap,5,5.0,0.5,,gmm,5,0.22276635468006134,0.5014823715817047
222,raw,umap,5,5.0,0.5,,hierarchical,3,0.18612763285636902,0.5336764873775615
223,raw,umap,5,5.0,0.5,,hierarchical,4,0.19875328242778778,0.5082000248392959
224,raw,umap,5,5.0,0.5,,hierarchical,5,0.22041337192058563,0.5926620174829412
225,raw,umap,5,15.0,0.0,,kmeans,3,0.3393835723400116,0.8990540628785599
226,raw,umap,5,15.0,0.0,,kmeans,4,0.3964586555957794,0.9992539017053804
227,raw,umap,5,15.0,0.0,,kmeans,5,0.4320649206638336,0.9954759119310578
228,raw,umap,5,15.0,0.0,,gmm,3,0.3165186643600464,0.5749350909646977
229,raw,umap,5,15.0,0.0,,gmm,4,0.34552720189094543,0.47545991087845485
230,raw,umap,5,15.0,0.0,,gmm,5,0.40988168120384216,0.5708549071466799
231,raw,umap,5,15.0,0.0,,hierarchical,3,0.3081269860267639,0.5839411176077948
232,raw,umap,5,15.0,0.0,,hierarchical,4,0.34850987792015076,0.7986689417763837
233,raw,umap,5,15.0,0.0,,hierarchical,5,0.40184286236763,0.815872611499334
234,raw,umap,5,15.0,0.1,,kmeans,3,0.3344706892967224,0.8934158404913219
235,raw,umap,5,15.0,0.1,,kmeans,4,0.38700437545776367,0.9973125919175366
236,raw,umap,5,15.0,0.1,,kmeans,5,0.4281071126461029,0.9966138784323212
237,raw,umap,5,15.0,0.1,,gmm,3,0.3246239721775055,0.5102659986068733
238,raw,umap,5,15.0,0.1,,gmm,4,0.35715779662132263,0.5036433607183596
239,raw,umap,5,15.0,0.1,,gmm,5,0.40487200021743774,0.6806308833675451
240,raw,umap,5,15.0,0.1,,hierarchical,3,0.33025720715522766,0.8270228014197092
241,raw,umap,5,15.0,0.1,,hierarchical,4,0.3877543807029724,0.8372484416251942
242,raw,umap,5,15.0,0.1,,hierarchical,5,0.4091803729534149,0.8825206703999606
243,raw,umap,5,15.0,0.5,,kmeans,3,0.2853039503097534,0.9657091215130024
244,raw,umap,5,15.0,0.5,,kmeans,4,0.3619863986968994,0.9969129268513066
245,raw,umap,5,15.0,0.5,,kmeans,5,0.38875171542167664,0.9980258917898237
246,raw,umap,5,15.0,0.5,,gmm,3,0.28581541776657104,0.5464659434705657
247,raw,umap,5,15.0,0.5,,gmm,4,0.2963655889034271,0.5412467040476632
248,raw,umap,5,15.0,0.5,,gmm,5,0.34391772747039795,0.560260832239551
249,raw,umap,5,15.0,0.5,,hierarchical,3,0.27685102820396423,0.6121807382323575
250,raw,umap,5,15.0,0.5,,hierarchical,4,0.33268168568611145,0.7299498893313638
251,raw,umap,5,15.0,0.5,,hierarchical,5,0.34472212195396423,0.8704710841762272
252,raw,umap,5,30.0,0.0,,kmeans,3,0.38715654611587524,0.9452080302817347
253,raw,umap,5,30.0,0.0,,kmeans,4,0.4288008213043213,0.9344423497849076
254,raw,umap,5,30.0,0.0,,kmeans,5,0.47629621624946594,0.9973306584160251
255,raw,umap,5,30.0,0.0,,gmm,3,0.3502945303916931,0.6183045417144509
256,raw,umap,5,30.0,0.0,,gmm,4,0.379965603351593,0.6088755415985355
257,raw,umap,5,30.0,0.0,,gmm,5,0.46392822265625,0.5956663171250995
258,raw,umap,5,30.0,0.0,,hierarchical,3,0.3797343969345093,0.9336667002607265
259,raw,umap,5,30.0,0.0,,hierarchical,4,0.4171474575996399,0.907602333943494
260,raw,umap,5,30.0,0.0,,hierarchical,5,0.4457486569881439,0.8333758859749903
261,raw,umap,5,30.0,0.1,,kmeans,3,0.37832507491111755,0.9744185265830655
262,raw,umap,5,30.0,0.1,,kmeans,4,0.44149717688560486,0.8381114237627796
263,raw,umap,5,30.0,0.1,,kmeans,5,0.47736454010009766,0.9910914742660268
264,raw,umap,5,30.0,0.1,,gmm,3,0.34318017959594727,0.6406268445422743
265,raw,umap,5,30.0,0.1,,gmm,4,0.3879773020744324,0.6101224340452162
266,raw,umap,5,30.0,0.1,,gmm,5,0.46427005529403687,0.663941599168711
267,raw,umap,5,30.0,0.1,,hierarchical,3,0.3776998519897461,0.9825115853271525
268,raw,umap,5,30.0,0.1,,hierarchical,4,0.4391333758831024,0.9804683615768262
269,raw,umap,5,30.0,0.1,,hierarchical,5,0.4742741286754608,0.9852225155642101
270,raw,umap,5,30.0,0.5,,kmeans,3,0.32513517141342163,0.89168303409949
271,raw,umap,5,30.0,0.5,,kmeans,4,0.3826059401035309,0.9918208889771262
272,raw,umap,5,30.0,0.5,,kmeans,5,0.43079543113708496,0.9421979528419544
273,raw,umap,5,30.0,0.5,,gmm,3,0.31472671031951904,0.5125852838103053
274,raw,umap,5,30.0,0.5,,gmm,4,0.3272092938423157,0.5441217677655731
275,raw,umap,5,30.0,0.5,,gmm,5,0.3971662223339081,0.7770022745988776
276,raw,umap,5,30.0,0.5,,hierarchical,3,0.3439992368221283,0.8544566863552907
277,raw,umap,5,30.0,0.5,,hierarchical,4,0.37619921565055847,0.8363963284333645
278,raw,umap,5,30.0,0.5,,hierarchical,5,0.41279247403144836,0.7751029579757437
279,raw,tsne,2,,,10.0,kmeans,3,0.3650204837322235,0.8361540200887894
280,raw,tsne,2,,,10.0,kmeans,4,0.3724120557308197,0.9838621370953945
281,raw,tsne,2,,,10.0,kmeans,5,0.34504732489585876,0.676155290431751
282,raw,tsne,2,,,10.0,gmm,3,0.36132457852363586,0.5173497122073556
283,raw,tsne,2,,,10.0,gmm,4,0.3717018663883209,0.920696595581048
284,raw,tsne,2,,,10.0,gmm,5,0.36318239569664,0.669669011895662
285,raw,tsne,2,,,10.0,hierarchical,3,0.34020310640335083,0.43746459728525866
286,raw,tsne,2,,,10.0,hierarchical,4,0.32344070076942444,0.5031601809634643
287,raw,tsne,2,,,10.0,hierarchical,5,0.3126557171344757,0.42079627237918443
288,raw,tsne,2,,,30.0,kmeans,3,0.385906845331192,0.966367375885578
289,raw,tsne,2,,,30.0,kmeans,4,0.385760635137558,0.9687189639092914
290,raw,tsne,2,,,30.0,kmeans,5,0.3790094256401062,0.9751237869048233
291,raw,tsne,2,,,30.0,gmm,3,0.36371204257011414,0.7034492227474513
292,raw,tsne,2,,,30.0,gmm,4,0.3842330574989319,0.8710097460047234
293,raw,tsne,2,,,30.0,gmm,5,0.31340232491493225,0.470712968872006
294,raw,tsne,2,,,30.0,hierarchical,3,0.32117030024528503,0.6733479032256463
295,raw,tsne,2,,,30.0,hierarchical,4,0.31537190079689026,0.6160587386818709
296,raw,tsne,2,,,30.0,hierarchical,5,0.3287060856819153,0.7808473195341731
297,raw,tsne,2,,,50.0,kmeans,3,0.39850345253944397,0.977771945532394
298,raw,tsne,2,,,50.0,kmeans,4,0.4094768464565277,0.9700954227440803
299,raw,tsne,2,,,50.0,kmeans,5,0.3998073935508728,0.8100350213883226
300,raw,tsne,2,,,50.0,gmm,3,0.3696693181991577,0.6655136833078505
301,raw,tsne,2,,,50.0,gmm,4,0.3787664473056793,0.7652723925211679
302,raw,tsne,2,,,50.0,gmm,5,0.2716113328933716,0.5983816148202604
303,raw,tsne,2,,,50.0,hierarchical,3,0.3974442780017853,1.0
304,raw,tsne,2,,,50.0,hierarchical,4,0.3882406949996948,1.0
305,raw,tsne,2,,,50.0,hierarchical,5,0.3568146526813507,1.0
306,raw,tsne,3,,,10.0,kmeans,3,0.24603714048862457,0.9252087821229058
307,raw,tsne,3,,,10.0,kmeans,4,0.26302021741867065,0.7788619983560622
308,raw,tsne,3,,,10.0,kmeans,5,0.27499818801879883,0.9785703189376054
309,raw,tsne,3,,,10.0,gmm,3,0.24315005540847778,0.5141602077762308
310,raw,tsne,3,,,10.0,gmm,4,0.26124343276023865,0.4864007607485989
311,raw,tsne,3,,,10.0,gmm,5,0.27104946970939636,0.573931415034875
312,raw,tsne,3,,,10.0,hierarchical,3,0.22321385145187378,0.33885434323158464
313,raw,tsne,3,,,10.0,hierarchical,4,0.22226648032665253,0.4682915359201121
314,raw,tsne,3,,,10.0,hierarchical,5,0.2131567746400833,0.4449012417040482
315,raw,tsne,3,,,30.0,kmeans,3,0.25909799337387085,0.7759609322048509
316,raw,tsne,3,,,30.0,kmeans,4,0.2861204147338867,0.9385355869664045
317,raw,tsne,3,,,30.0,kmeans,5,0.30430009961128235,0.8891975195505869
318,raw,tsne,3,,,30.0,gmm,3,0.25120794773101807,0.34307098337705993
319,raw,tsne,3,,,30.0,gmm,4,0.27031800150871277,0.3379535376170306
320,raw,tsne,3,,,30.0,gmm,5,0.27265992760658264,0.43394502282450276
321,raw,tsne,3,,,30.0,hierarchical,3,0.22359594702720642,0.5174961634835027
322,raw,tsne,3,,,30.0,hierarchical,4,0.2485254406929016,0.5497175435723375
323,raw,tsne,3,,,30.0,hierarchical,5,0.2781437337398529,0.738106303055497
324,raw,tsne,3,,,50.0,kmeans,3,0.29140233993530273,0.9853624946621796
325,raw,tsne,3,,,50.0,kmeans,4,0.31641536951065063,0.995465195367483
326,raw,tsne,3,,,50.0,kmeans,5,0.3302339017391205,0.9501624227449361
327,raw,tsne,3,,,50.0,gmm,3,0.2761305868625641,0.425943693046362
328,raw,tsne,3,,,50.0,gmm,4,0.3126102685928345,0.7597914765985802
329,raw,tsne,3,,,50.0,gmm,5,0.28595489263534546,0.6586770927912536
330,raw,tsne,3,,,50.0,hierarchical,3,0.26896506547927856,0.6089790126351915
331,raw,tsne,3,,,50.0,hierarchical,4,0.27163171768188477,0.5112855571039495
332,raw,tsne,3,,,50.0,hierarchical,5,0.29013678431510925,0.6160131834286785
333,diff_zscore,pca,2,,,,kmeans,3,0.3167249411986941,0.9582957703632657
334,diff_zscore,pca,2,,,,kmeans,4,0.3156442950106941,0.9288412125955441
335,diff_zscore,pca,2,,,,kmeans,5,0.3176096869995066,0.9156596113259794
336,diff_zscore,pca,2,,,,gmm,3,0.3120060338241623,0.9536482518030621
337,diff_zscore,pca,2,,,,gmm,4,0.2350133037231582,0.717122323774869
338,diff_zscore,pca,2,,,,gmm,5,0.28351811177919567,0.8366881617979733
339,diff_zscore,pca,2,,,,hierarchical,3,0.31656184783757974,0.407910514387312
340,diff_zscore,pca,2,,,,hierarchical,4,0.26649047214022237,0.3588175767480341
341,diff_zscore,pca,2,,,,hierarchical,5,0.27412653122305064,0.41341168509465676
342,diff_zscore,pca,3,,,,kmeans,3,0.24870415124700324,0.9706124733679863
343,diff_zscore,pca,3,,,,kmeans,4,0.2344864009977882,0.9019225014675812
344,diff_zscore,pca,3,,,,kmeans,5,0.2264648237590559,0.865746808985139
345,diff_zscore,pca,3,,,,gmm,3,0.15573935341877448,0.9221058038277765
346,diff_zscore,pca,3,,,,gmm,4,0.12241442496671937,0.7152431206412557
347,diff_zscore,pca,3,,,,gmm,5,0.18784740232881822,0.8029518791219022
348,diff_zscore,pca,3,,,,hierarchical,3,0.2225650988778697,0.16543429934528242
349,diff_zscore,pca,3,,,,hierarchical,4,0.14556238532273172,0.27462462182135344
350,diff_zscore,pca,3,,,,hierarchical,5,0.15257286915625126,0.29869197458448665
351,diff_zscore,pca,5,,,,kmeans,3,0.19611077409307243,0.961859839502409
352,diff_zscore,pca,5,,,,kmeans,4,0.1766845509989892,0.9030115685124275
353,diff_zscore,pca,5,,,,kmeans,5,0.1634142464976019,0.6101779503400251
354,diff_zscore,pca,5,,,,gmm,3,0.11769167950859305,0.9462441250360094
355,diff_zscore,pca,5,,,,gmm,4,0.02332443855471953,0.6628299214182332
356,diff_zscore,pca,5,,,,gmm,5,0.05702487540309969,0.6653490248038376
357,diff_zscore,pca,5,,,,hierarchical,3,0.1785906671189289,0.26175569955907263
358,diff_zscore,pca,5,,,,hierarchical,4,0.16481957024606153,0.32555687042822024
359,diff_zscore,pca,5,,,,hierarchical,5,0.08488395245407629,0.2395192099506303
360,diff_zscore,pca,10,,,,kmeans,3,0.14974220762338805,0.9608775825302918
361,diff_zscore,pca,10,,,,kmeans,4,0.1301027882797036,0.8982086901784079
362,diff_zscore,pca,10,,,,kmeans,5,0.11837080108290966,0.5913405240348392
363,diff_zscore,pca,10,,,,gmm,3,0.0964285255170397,0.8945426153441567
364,diff_zscore,pca,10,,,,gmm,4,0.03375197707683086,0.6547315055488755
365,diff_zscore,pca,10,,,,gmm,5,-0.019327465993475203,0.5079561305810597
366,diff_zscore,pca,10,,,,hierarchical,3,0.07138939577032583,0.28212040446659836
367,diff_zscore,pca,10,,,,hierarchical,4,0.05110418688967994,0.23745772994714914
368,diff_zscore,pca,10,,,,hierarchical,5,0.05880289216568905,0.225452418123921
369,diff_zscore,umap,2,5.0,0.0,,kmeans,3,0.3755453824996948,0.9657435834534321
370,diff_zscore,umap,2,5.0,0.0,,kmeans,4,0.3851615786552429,0.9925855229437777
371,diff_zscore,umap,2,5.0,0.0,,kmeans,5,0.4022636413574219,0.9765284296860167
372,diff_zscore,umap,2,5.0,0.0,,gmm,3,0.3603306710720062,0.7669560930078787
373,diff_zscore,umap,2,5.0,0.0,,gmm,4,0.3757372498512268,0.9730794404299484
374,diff_zscore,umap,2,5.0,0.0,,gmm,5,0.3526355028152466,0.7924559857977322
375,diff_zscore,umap,2,5.0,0.0,,hierarchical,3,0.35042184591293335,0.5686504465899499
376,diff_zscore,umap,2,5.0,0.0,,hierarchical,4,0.3416319191455841,0.503867739993207
377,diff_zscore,umap,2,5.0,0.0,,hierarchical,5,0.3671995997428894,0.5565605039537883
378,diff_zscore,umap,2,5.0,0.1,,kmeans,3,0.3738744854927063,0.9731000981408485
379,diff_zscore,umap,2,5.0,0.1,,kmeans,4,0.3734045624732971,0.9377942450015169
380,diff_zscore,umap,2,5.0,0.1,,kmeans,5,0.39051294326782227,0.9853195400809038
381,diff_zscore,umap,2,5.0,0.1,,gmm,3,0.34240221977233887,0.7117057247972314
382,diff_zscore,umap,2,5.0,0.1,,gmm,4,0.367333322763443,0.8281409870462363
383,diff_zscore,umap,2,5.0,0.1,,gmm,5,0.3442752957344055,0.9047533082348521
384,diff_zscore,umap,2,5.0,0.1,,hierarchical,3,0.34457123279571533,0.49957954172555896
385,diff_zscore,umap,2,5.0,0.1,,hierarchical,4,0.3450261652469635,0.46184589428213774
386,diff_zscore,umap,2,5.0,0.1,,hierarchical,5,0.34386420249938965,0.5276074868330543
387,diff_zscore,umap,2,5.0,0.5,,kmeans,3,0.3636804223060608,0.964744283793077
388,diff_zscore,umap,2,5.0,0.5,,kmeans,4,0.35892724990844727,0.975919862256491
389,diff_zscore,umap,2,5.0,0.5,,kmeans,5,0.3600388765335083,0.9812054708490702
390,diff_zscore,umap,2,5.0,0.5,,gmm,3,0.36079344153404236,0.7878851539130871
391,diff_zscore,umap,2,5.0,0.5,,gmm,4,0.35742661356925964,0.9205905895606515
392,diff_zscore,umap,2,5.0,0.5,,gmm,5,0.35629624128341675,0.9071464127972577
393,diff_zscore,umap,2,5.0,0.5,,hierarchical,3,0.31400561332702637,0.41409827525515364
394,diff_zscore,umap,2,5.0,0.5,,hierarchical,4,0.3042358160018921,0.4076454314016909
395,diff_zscore,umap,2,5.0,0.5,,hierarchical,5,0.30619996786117554,0.4177416624067207
396,diff_zscore,umap,2,15.0,0.0,,kmeans,3,0.3842867314815521,0.9859654808697469
397,diff_zscore,umap,2,15.0,0.0,,kmeans,4,0.37269628047943115,0.9133368146719902
398,diff_zscore,umap,2,15.0,0.0,,kmeans,5,0.3949413299560547,0.9885869703008258
399,diff_zscore,umap,2,15.0,0.0,,gmm,3,0.3391743004322052,0.9693769557605162
400,diff_zscore,umap,2,15.0,0.0,,gmm,4,0.3261283338069916,0.7541425808945807
401,diff_zscore,umap,2,15.0,0.0,,gmm,5,0.31437769532203674,0.822637533023116
402,diff_zscore,umap,2,15.0,0.0,,hierarchical,3,0.3363446593284607,0.4134085436490233
403,diff_zscore,umap,2,15.0,0.0,,hierarchical,4,0.331900417804718,0.5016786794039532
404,diff_zscore,umap,2,15.0,0.0,,hierarchical,5,0.3233526349067688,0.5215367514346854
405,diff_zscore,umap,2,15.0,0.1,,kmeans,3,0.3757079541683197,0.9857663400813
406,diff_zscore,umap,2,15.0,0.1,,kmeans,4,0.3697887063026428,0.9786596067641362
407,diff_zscore,umap,2,15.0,0.1,,kmeans,5,0.3779537081718445,0.8933445401104969
408,diff_zscore,umap,2,15.0,0.1,,gmm,3,0.3642083406448364,0.9409226813352829
409,diff_zscore,umap,2,15.0,0.1,,gmm,4,0.35869723558425903,0.8541305988523286
410,diff_zscore,umap,2,15.0,0.1,,gmm,5,0.36918243765830994,0.8627883532734879
411,diff_zscore,umap,2,15.0,0.1,,hierarchical,3,0.3031400740146637,0.4226330120813836
412,diff_zscore,umap,2,15.0,0.1,,hierarchical,4,0.31802621483802795,0.48668246900707446
413,diff_zscore,umap,2,15.0,0.1,,hierarchical,5,0.31317034363746643,0.4957560417275442
414,diff_zscore,umap,2,15.0,0.5,,kmeans,3,0.3678281605243683,0.9832867943995821
415,diff_zscore,umap,2,15.0,0.5,,kmeans,4,0.3591780662536621,0.965946534661098
416,diff_zscore,umap,2,15.0,0.5,,kmeans,5,0.35233074426651,0.9702913528094349
417,diff_zscore,umap,2,15.0,0.5,,gmm,3,0.3658880293369293,0.9603098836705299
418,diff_zscore,umap,2,15.0,0.5,,gmm,4,0.35568714141845703,0.9437767804479545
419,diff_zscore,umap,2,15.0,0.5,,gmm,5,0.3493695855140686,0.6798532992255331
420,diff_zscore,umap,2,15.0,0.5,,hierarchical,3,0.3020217716693878,0.3881156971908782
421,diff_zscore,umap,2,15.0,0.5,,hierarchical,4,0.27099207043647766,0.3546649509235023
422,diff_zscore,umap,2,15.0,0.5,,hierarchical,5,0.2763286530971527,0.4142030729734277
423,diff_zscore,umap,2,30.0,0.0,,kmeans,3,0.3810234069824219,0.9810184041526885
424,diff_zscore,umap,2,30.0,0.0,,kmeans,4,0.3752426207065582,0.9841984179870111
425,diff_zscore,umap,2,30.0,0.0,,kmeans,5,0.38838088512420654,0.9794161949548432
426,diff_zscore,umap,2,30.0,0.0,,gmm,3,0.36702510714530945,0.9320956992267265
427,diff_zscore,umap,2,30.0,0.0,,gmm,4,0.3507916331291199,0.6908088105807089
428,diff_zscore,umap,2,30.0,0.0,,gmm,5,0.3518427610397339,0.9093906990550551
429,diff_zscore,umap,2,30.0,0.0,,hierarchical,3,0.33180099725723267,0.4523905629005592
430,diff_zscore,umap,2,30.0,0.0,,hierarchical,4,0.33105337619781494,0.5128817415495672
431,diff_zscore,umap,2,30.0,0.0,,hierarchical,5,0.33523866534233093,0.5278235189724876
432,diff_zscore,umap,2,30.0,0.1,,kmeans,3,0.3745504319667816,0.9827960474068727
433,diff_zscore,umap,2,30.0,0.1,,kmeans,4,0.3678862452507019,0.9754627981817642
434,diff_zscore,umap,2,30.0,0.1,,kmeans,5,0.3737275302410126,0.976311857481594
435,diff_zscore,umap,2,30.0,0.1,,gmm,3,0.3685053586959839,0.924958297032472
436,diff_zscore,umap,2,30.0,0.1,,gmm,4,0.35570961236953735,0.7584168359552516
437,diff_zscore,umap,2,30.0,0.1,,gmm,5,0.3574400842189789,0.8134494923308816
438,diff_zscore,umap,2,30.0,0.1,,hierarchical,3,0.3100704848766327,0.31763244323894074
439,diff_zscore,umap,2,30.0,0.1,,hierarchical,4,0.30164024233818054,0.3929865300438107
440,diff_zscore,umap,2,30.0,0.1,,hierarchical,5,0.3313206136226654,0.4967568192307737
441,diff_zscore,umap,2,30.0,0.5,,kmeans,3,0.36410391330718994,0.9647189177217775
442,diff_zscore,umap,2,30.0,0.5,,kmeans,4,0.3587178885936737,0.9484232759568013
443,diff_zscore,umap,2,30.0,0.5,,kmeans,5,0.357653945684433,0.9672948718146916
444,diff_zscore,umap,2,30.0,0.5,,gmm,3,0.36185434460639954,0.8278024476925444
445,diff_zscore,umap,2,30.0,0.5,,gmm,4,0.35423651337623596,0.9049102954488619
446,diff_zscore,umap,2,30.0,0.5,,gmm,5,0.35459691286087036,0.8496266134893874
447,diff_zscore,umap,2,30.0,0.5,,hierarchical,3,0.31977224349975586,0.39005609269652164
448,diff_zscore,umap,2,30.0,0.5,,hierarchical,4,0.3247428834438324,0.4205191589238466
449,diff_zscore,umap,2,30.0,0.5,,hierarchical,5,0.32159915566444397,0.4508047858052923
450,diff_zscore,umap,3,5.0,0.0,,kmeans,3,0.34223005175590515,0.9871417466936269
451,diff_zscore,umap,3,5.0,0.0,,kmeans,4,0.35556820034980774,0.9883079200329425
452,diff_zscore,umap,3,5.0,0.0,,kmeans,5,0.35694846510887146,0.9910815968065145
453,diff_zscore,umap,3,5.0,0.0,,gmm,3,0.3341686427593231,0.9728253769593009
454,diff_zscore,umap,3,5.0,0.0,,gmm,4,0.30241915583610535,0.5644691304547184
455,diff_zscore,umap,3,5.0,0.0,,gmm,5,0.31151846051216125,0.8255289579160372
456,diff_zscore,umap,3,5.0,0.0,,hierarchical,3,0.30685392022132874,0.6448451448924432
457,diff_zscore,umap,3,5.0,0.0,,hierarchical,4,0.2820955216884613,0.4668809256998527
458,diff_zscore,umap,3,5.0,0.0,,hierarchical,5,0.2917889356613159,0.5235834820045737
459,diff_zscore,umap,3,5.0,0.1,,kmeans,3,0.31863534450531006,0.9852269917895736
460,diff_zscore,umap,3,5.0,0.1,,kmeans,4,0.3369334638118744,0.9709100772789273
461,diff_zscore,umap,3,5.0,0.1,,kmeans,5,0.3397076427936554,0.9758821820333681
462,diff_zscore,umap,3,5.0,0.1,,gmm,3,0.30735352635383606,0.9097587940057253
463,diff_zscore,umap,3,5.0,0.1,,gmm,4,0.3267625868320465,0.8106046139418779
464,diff_zscore,umap,3,5.0,0.1,,gmm,5,0.2888011634349823,0.8296799334596068
465,diff_zscore,umap,3,5.0,0.1,,hierarchical,3,0.31278714537620544,0.5972035992300079
466,diff_zscore,umap,3,5.0,0.1,,hierarchical,4,0.3027093708515167,0.6011774182089907
467,diff_zscore,umap,3,5.0,0.1,,hierarchical,5,0.30079829692840576,0.568443928799704
468,diff_zscore,umap,3,5.0,0.5,,kmeans,3,0.2827342748641968,0.9727697917179933
469,diff_zscore,umap,3,5.0,0.5,,kmeans,4,0.2914941608905792,0.973438016710574
470,diff_zscore,umap,3,5.0,0.5,,kmeans,5,0.2956753671169281,0.9751754489519888
471,diff_zscore,umap,3,5.0,0.5,,gmm,3,0.27019017934799194,0.9563000445012575
472,diff_zscore,umap,3,5.0,0.5,,gmm,4,0.28360289335250854,0.7859278048994401
473,diff_zscore,umap,3,5.0,0.5,,gmm,5,0.2836216390132904,0.938393757271909
474,diff_zscore,umap,3,5.0,0.5,,hierarchical,3,0.21927009522914886,0.22440591671638546
475,diff_zscore,umap,3,5.0,0.5,,hierarchical,4,0.2065742015838623,0.34021273580268974
476,diff_zscore,umap,3,5.0,0.5,,hierarchical,5,0.2174234241247177,0.38655364394717395
477,diff_zscore,umap,3,15.0,0.0,,kmeans,3,0.3408259153366089,0.9903706204403433
478,diff_zscore,umap,3,15.0,0.0,,kmeans,4,0.34390169382095337,0.8841502887654121
479,diff_zscore,umap,3,15.0,0.0,,kmeans,5,0.3717646300792694,0.9879205862077979
480,diff_zscore,umap,3,15.0,0.0,,gmm,3,0.33922916650772095,0.9629557843865318
481,diff_zscore,umap,3,15.0,0.0,,gmm,4,0.3169674277305603,0.5806437680210605
482,diff_zscore,umap,3,15.0,0.0,,gmm,5,0.3214555084705353,0.80593282342379
483,diff_zscore,umap,3,15.0,0.0,,hierarchical,3,0.3232986330986023,0.722807070996621
484,diff_zscore,umap,3,15.0,0.0,,hierarchical,4,0.3432645797729492,0.6798714942200386
485,diff_zscore,umap,3,15.0,0.0,,hierarchical,5,0.32408472895622253,0.6466961751156122
486,diff_zscore,umap,3,15.0,0.1,,kmeans,3,0.3108315169811249,0.9806519068339263
487,diff_zscore,umap,3,15.0,0.1,,kmeans,4,0.2950378656387329,0.9131131557249224
488,diff_zscore,umap,3,15.0,0.1,,kmeans,5,0.3076600134372711,0.9424242541011274
489,diff_zscore,umap,3,15.0,0.1,,gmm,3,0.2876930832862854,0.8335196638241896
490,diff_zscore,umap,3,15.0,0.1,,gmm,4,0.2633996903896332,0.4548070761227377
491,diff_zscore,umap,3,15.0,0.1,,gmm,5,0.25954470038414,0.6397852325083906
492,diff_zscore,umap,3,15.0,0.1,,hierarchical,3,0.28690335154533386,0.43896754853887776
493,diff_zscore,umap,3,15.0,0.1,,hierarchical,4,0.24271397292613983,0.4068016699677426
494,diff_zscore,umap,3,15.0,0.1,,hierarchical,5,0.23916064202785492,0.47514847934707155
495,diff_zscore,umap,3,15.0,0.5,,kmeans,3,0.2910325229167938,0.9828433405385462
496,diff_zscore,umap,3,15.0,0.5,,kmeans,4,0.2945028841495514,0.9690559155671644
497,diff_zscore,umap,3,15.0,0.5,,kmeans,5,0.3011781573295593,0.956023024762885
498,diff_zscore,umap,3,15.0,0.5,,gmm,3,0.28244778513908386,0.9391709264260796
499,diff_zscore,umap,3,15.0,0.5,,gmm,4,0.27456384897232056,0.6712474454814451
500,diff_zscore,umap,3,15.0,0.5,,gmm,5,0.2666510045528412,0.9081479957598759
501,diff_zscore,umap,3,15.0,0.5,,hierarchical,3,0.22997120022773743,0.30786259959013146
502,diff_zscore,umap,3,15.0,0.5,,hierarchical,4,0.23414067924022675,0.3441423147073291
503,diff_zscore,umap,3,15.0,0.5,,hierarchical,5,0.24162226915359497,0.42244707768681755
504,diff_zscore,umap,3,30.0,0.0,,kmeans,3,0.347828209400177,0.9921648181684587
505,diff_zscore,umap,3,30.0,0.0,,kmeans,4,0.34542781114578247,0.9899313443755421
506,diff_zscore,umap,3,30.0,0.0,,kmeans,5,0.3532956838607788,0.9886789885314491
507,diff_zscore,umap,3,30.0,0.0,,gmm,3,0.32245948910713196,0.9583615762404751
508,diff_zscore,umap,3,30.0,0.0,,gmm,4,0.30838489532470703,0.6178254808850031
509,diff_zscore,umap,3,30.0,0.0,,gmm,5,0.3252958357334137,0.8517536093731105
510,diff_zscore,umap,3,30.0,0.0,,hierarchical,3,0.3289250433444977,0.6341561226947422
511,diff_zscore,umap,3,30.0,0.0,,hierarchical,4,0.3001832664012909,0.5197362696893375
512,diff_zscore,umap,3,30.0,0.0,,hierarchical,5,0.28784114122390747,0.5085507169165949
513,diff_zscore,umap,3,30.0,0.1,,kmeans,3,0.3278695344924927,0.9897039946866658
514,diff_zscore,umap,3,30.0,0.1,,kmeans,4,0.336459755897522,0.9783773923380018
515,diff_zscore,umap,3,30.0,0.1,,kmeans,5,0.3407476246356964,0.9843791336773207
516,diff_zscore,umap,3,30.0,0.1,,gmm,3,0.28978630900382996,0.9279163538361249
517,diff_zscore,umap,3,30.0,0.1,,gmm,4,0.25075197219848633,0.41558131386920516
518,diff_zscore,umap,3,30.0,0.1,,gmm,5,0.32698720693588257,0.962263724280779
519,diff_zscore,umap,3,30.0,0.1,,hierarchical,3,0.28728151321411133,0.5079776506890498
520,diff_zscore,umap,3,30.0,0.1,,hierarchical,4,0.2963031232357025,0.5699173908963102
521,diff_zscore,umap,3,30.0,0.1,,hierarchical,5,0.28381553292274475,0.49621384976549726
522,diff_zscore,umap,3,30.0,0.5,,kmeans,3,0.2907967269420624,0.9681539053653668
523,diff_zscore,umap,3,30.0,0.5,,kmeans,4,0.288804292678833,0.9634256451993056
524,diff_zscore,umap,3,30.0,0.5,,kmeans,5,0.30165746808052063,0.966272176947238
525,diff_zscore,umap,3,30.0,0.5,,gmm,3,0.28854450583457947,0.9250124521296557
526,diff_zscore,umap,3,30.0,0.5,,gmm,4,0.2769005000591278,0.6817011918307669
527,diff_zscore,umap,3,30.0,0.5,,gmm,5,0.29871776700019836,0.9502400984266357
528,diff_zscore,umap,3,30.0,0.5,,hierarchical,3,0.22132395207881927,0.24849128715319263
529,diff_zscore,umap,3,30.0,0.5,,hierarchical,4,0.22195976972579956,0.31043685277651506
530,diff_zscore,umap,3,30.0,0.5,,hierarchical,5,0.22443373501300812,0.36388480630604314
531,diff_zscore,umap,5,5.0,0.0,,kmeans,3,0.3255678415298462,0.9622624078026861
532,diff_zscore,umap,5,5.0,0.0,,kmeans,4,0.3374147415161133,0.9717555914905186
533,diff_zscore,umap,5,5.0,0.0,,kmeans,5,0.3433080315589905,0.9864282697738881
534,diff_zscore,umap,5,5.0,0.0,,gmm,3,0.2876215875148773,0.8213504574004971
535,diff_zscore,umap,5,5.0,0.0,,gmm,4,0.24953028559684753,0.730358927410618
536,diff_zscore,umap,5,5.0,0.0,,gmm,5,0.2599901258945465,0.7957575158626081
537,diff_zscore,umap,5,5.0,0.0,,hierarchical,3,0.3208432197570801,0.8575353024526885
538,diff_zscore,umap,5,5.0,0.0,,hierarchical,4,0.3125239908695221,0.7161314133241891
539,diff_zscore,umap,5,5.0,0.0,,hierarchical,5,0.31431493163108826,0.7262902708010412
540,diff_zscore,umap,5,5.0,0.1,,kmeans,3,0.29786416888237,0.9775016326214022
541,diff_zscore,umap,5,5.0,0.1,,kmeans,4,0.30608123540878296,0.9700552211503883
542,diff_zscore,umap,5,5.0,0.1,,kmeans,5,0.30936139822006226,0.9535194574462372
543,diff_zscore,umap,5,5.0,0.1,,gmm,3,0.2617546617984772,0.9574261398187442
544,diff_zscore,umap,5,5.0,0.1,,gmm,4,0.2301589995622635,0.6283742460128774
545,diff_zscore,umap,5,5.0,0.1,,gmm,5,0.24343478679656982,0.7442627341151311
546,diff_zscore,umap,5,5.0,0.1,,hierarchical,3,0.27176904678344727,0.546300981620723
547,diff_zscore,umap,5,5.0,0.1,,hierarchical,4,0.26424989104270935,0.5855879994513566
548,diff_zscore,umap,5,5.0,0.1,,hierarchical,5,0.24070695042610168,0.5807718152771392
549,diff_zscore,umap,5,5.0,0.5,,kmeans,3,0.23363663256168365,0.9543473386453551
550,diff_zscore,umap,5,5.0,0.5,,kmeans,4,0.23584185540676117,0.9726744214278541
551,diff_zscore,umap,5,5.0,0.5,,kmeans,5,0.24072614312171936,0.9799936101999329
552,diff_zscore,umap,5,5.0,0.5,,gmm,3,0.19872191548347473,0.8454595777220917
553,diff_zscore,umap,5,5.0,0.5,,gmm,4,0.21845166385173798,0.7604924881743229
554,diff_zscore,umap,5,5.0,0.5,,gmm,5,0.20638005435466766,0.9362554321553924
555,diff_zscore,umap,5,5.0,0.5,,hierarchical,3,0.16906745731830597,0.35913442201282464
556,diff_zscore,umap,5,5.0,0.5,,hierarchical,4,0.16877798736095428,0.3360847738517977
557,diff_zscore,umap,5,5.0,0.5,,hierarchical,5,0.1540742665529251,0.36253193736322
558,diff_zscore,umap,5,15.0,0.0,,kmeans,3,0.32500025629997253,0.9840303087986523
559,diff_zscore,umap,5,15.0,0.0,,kmeans,4,0.3392599821090698,0.8660161897325256
560,diff_zscore,umap,5,15.0,0.0,,kmeans,5,0.3546736240386963,0.9872762086087041
561,diff_zscore,umap,5,15.0,0.0,,gmm,3,0.2913820743560791,0.6937345540316998
562,diff_zscore,umap,5,15.0,0.0,,gmm,4,0.23295408487319946,0.5281239655691464
563,diff_zscore,umap,5,15.0,0.0,,gmm,5,0.21362221240997314,0.4947361979440806
564,diff_zscore,umap,5,15.0,0.0,,hierarchical,3,0.2763582766056061,0.5272158575222392
565,diff_zscore,umap,5,15.0,0.0,,hierarchical,4,0.307282954454422,0.5413227817340396
566,diff_zscore,umap,5,15.0,0.0,,hierarchical,5,0.2853613793849945,0.4595323707025901
567,diff_zscore,umap,5,15.0,0.1,,kmeans,3,0.29044297337532043,0.9517178410697775
568,diff_zscore,umap,5,15.0,0.1,,kmeans,4,0.29905688762664795,0.9820801237210038
569,diff_zscore,umap,5,15.0,0.1,,kmeans,5,0.2989877760410309,0.7380532638403099
570,diff_zscore,umap,5,15.0,0.1,,gmm,3,0.2702321410179138,0.7463408845305599
571,diff_zscore,umap,5,15.0,0.1,,gmm,4,0.21095779538154602,0.5245490848556851
572,diff_zscore,umap,5,15.0,0.1,,gmm,5,0.2359253317117691,0.7247043551198802
573,diff_zscore,umap,5,15.0,0.1,,hierarchical,3,0.215919628739357,0.4058509915587096
574,diff_zscore,umap,5,15.0,0.1,,hierarchical,4,0.23596836626529694,0.5161172491932564
575,diff_zscore,umap,5,15.0,0.1,,hierarchical,5,0.25412440299987793,0.48984912305386935
576,diff_zscore,umap,5,15.0,0.5,,kmeans,3,0.244537353515625,0.9744068768591709
577,diff_zscore,umap,5,15.0,0.5,,kmeans,4,0.23686693608760834,0.9734391648712859
578,diff_zscore,umap,5,15.0,0.5,,kmeans,5,0.243653804063797,0.9470553338788591
579,diff_zscore,umap,5,15.0,0.5,,gmm,3,0.22799277305603027,0.9377304231582282
580,diff_zscore,umap,5,15.0,0.5,,gmm,4,0.19483362138271332,0.536327306421871
581,diff_zscore,umap,5,15.0,0.5,,gmm,5,0.20090743899345398,0.9208673003303463
582,diff_zscore,umap,5,15.0,0.5,,hierarchical,3,0.19720341265201569,0.47959226787574655
583,diff_zscore,umap,5,15.0,0.5,,hierarchical,4,0.18644368648529053,0.40708571196418214
584,diff_zscore,umap,5,15.0,0.5,,hierarchical,5,0.17361024022102356,0.40406178517365354
585,diff_zscore,umap,5,30.0,0.0,,kmeans,3,0.3337436318397522,0.9919834101705801
586,diff_zscore,umap,5,30.0,0.0,,kmeans,4,0.3452611267566681,0.9890565461364141
587,diff_zscore,umap,5,30.0,0.0,,kmeans,5,0.3405551016330719,0.9901312685215334
588,diff_zscore,umap,5,30.0,0.0,,gmm,3,0.2983669936656952,0.899683906609486
589,diff_zscore,umap,5,30.0,0.0,,gmm,4,0.3101447820663452,0.6505167067841939
590,diff_zscore,umap,5,30.0,0.0,,gmm,5,0.25881749391555786,0.7415445178834029
591,diff_zscore,umap,5,30.0,0.0,,hierarchical,3,0.30947256088256836,0.6767699781591453
592,diff_zscore,umap,5,30.0,0.0,,hierarchical,4,0.26278048753738403,0.5653508118343009
593,diff_zscore,umap,5,30.0,0.0,,hierarchical,5,0.2510344684123993,0.535294604688725
594,diff_zscore,umap,5,30.0,0.1,,kmeans,3,0.3049180805683136,0.9893230636501539
595,diff_zscore,umap,5,30.0,0.1,,kmeans,4,0.3125963509082794,0.9774556648579913
596,diff_zscore,umap,5,30.0,0.1,,kmeans,5,0.3128056824207306,0.9842888019916142
597,diff_zscore,umap,5,30.0,0.1,,gmm,3,0.2630135118961334,0.9384587053503892
598,diff_zscore,umap,5,30.0,0.1,,gmm,4,0.2455229014158249,0.6802771395054059
599,diff_zscore,umap,5,30.0,0.1,,gmm,5,0.23447377979755402,0.8900301125683034
600,diff_zscore,umap,5,30.0,0.1,,hierarchical,3,0.25579819083213806,0.534457773709963
601,diff_zscore,umap,5,30.0,0.1,,hierarchical,4,0.25184324383735657,0.55875691002593
602,diff_zscore,umap,5,30.0,0.1,,hierarchical,5,0.24978871643543243,0.5240704913838837
603,diff_zscore,umap,5,30.0,0.5,,kmeans,3,0.2487061619758606,0.9734391902079176
604,diff_zscore,umap,5,30.0,0.5,,kmeans,4,0.24380932748317719,0.9799088444501401
605,diff_zscore,umap,5,30.0,0.5,,kmeans,5,0.24914050102233887,0.9690180490624292
606,diff_zscore,umap,5,30.0,0.5,,gmm,3,0.23122495412826538,0.9442505354890924
607,diff_zscore,umap,5,30.0,0.5,,gmm,4,0.21316500008106232,0.7053211597206248
608,diff_zscore,umap,5,30.0,0.5,,gmm,5,0.2197987139225006,0.8829720699839387
609,diff_zscore,umap,5,30.0,0.5,,hierarchical,3,0.19728492200374603,0.4004349300416873
610,diff_zscore,umap,5,30.0,0.5,,hierarchical,4,0.18470875918865204,0.37524066139706636
611,diff_zscore,umap,5,30.0,0.5,,hierarchical,5,0.17002573609352112,0.3376818855085989
612,diff_zscore,tsne,2,,,10.0,kmeans,3,0.3752264082431793,0.9627389265450981
613,diff_zscore,tsne,2,,,10.0,kmeans,4,0.3657958209514618,0.9681636752687435
614,diff_zscore,tsne,2,,,10.0,kmeans,5,0.3534630537033081,0.959680433112245
615,diff_zscore,tsne,2,,,10.0,gmm,3,0.3746626079082489,0.8208871659765866
616,diff_zscore,tsne,2,,,10.0,gmm,4,0.3639442026615143,0.8083212819155751
617,diff_zscore,tsne,2,,,10.0,gmm,5,0.341948539018631,0.5762080041035244
618,diff_zscore,tsne,2,,,10.0,hierarchical,3,0.30901920795440674,0.36544220439749103
619,diff_zscore,tsne,2,,,10.0,hierarchical,4,0.30487141013145447,0.42048473372009076
620,diff_zscore,tsne,2,,,10.0,hierarchical,5,0.332856148481369,0.46537632808714086
621,diff_zscore,tsne,2,,,30.0,kmeans,3,0.36577045917510986,0.9361442393141616
622,diff_zscore,tsne,2,,,30.0,kmeans,4,0.37748098373413086,0.9656196325452963
623,diff_zscore,tsne,2,,,30.0,kmeans,5,0.38271045684814453,0.9659767877866607
624,diff_zscore,tsne,2,,,30.0,gmm,3,0.36062145233154297,0.6669110435699025
625,diff_zscore,tsne,2,,,30.0,gmm,4,0.37534937262535095,0.9039596713768232
626,diff_zscore,tsne,2,,,30.0,gmm,5,0.32707637548446655,0.4539814101222311
627,diff_zscore,tsne,2,,,30.0,hierarchical,3,0.33447566628456116,0.29449310442973897
628,diff_zscore,tsne,2,,,30.0,hierarchical,4,0.3222583830356598,0.3932028779787554
629,diff_zscore,tsne,2,,,30.0,hierarchical,5,0.33440202474594116,0.4517675780653104
630,diff_zscore,tsne,2,,,50.0,kmeans,3,0.3704501688480377,0.8876598338459396
631,diff_zscore,tsne,2,,,50.0,kmeans,4,0.3735139071941376,0.909011090098145
632,diff_zscore,tsne,2,,,50.0,kmeans,5,0.3858615458011627,0.9803424339776822
633,diff_zscore,tsne,2,,,50.0,gmm,3,0.37248408794403076,0.7047684078763763
634,diff_zscore,tsne,2,,,50.0,gmm,4,0.36852169036865234,0.8487872595401283
635,diff_zscore,tsne,2,,,50.0,gmm,5,0.38469356298446655,0.9647941007938793
636,diff_zscore,tsne,2,,,50.0,hierarchical,3,0.31980130076408386,0.44593313282338637
637,diff_zscore,tsne,2,,,50.0,hierarchical,4,0.3300524950027466,0.4543941590556615
638,diff_zscore,tsne,2,,,50.0,hierarchical,5,0.3284105062484741,0.5335754212904827
639,diff_zscore,tsne,3,,,10.0,kmeans,3,0.2754689157009125,0.9656469212716255
640,diff_zscore,tsne,3,,,10.0,kmeans,4,0.2730005085468292,0.9562563409730579
641,diff_zscore,tsne,3,,,10.0,kmeans,5,0.280835896730423,0.9513382951160891
642,diff_zscore,tsne,3,,,10.0,gmm,3,0.2726510167121887,0.9470376989014971
643,diff_zscore,tsne,3,,,10.0,gmm,4,0.27012985944747925,0.8562039015719908
644,diff_zscore,tsne,3,,,10.0,gmm,5,0.26579102873802185,0.6564679611369741
645,diff_zscore,tsne,3,,,10.0,hierarchical,3,0.1938932240009308,0.16412325913079434
646,diff_zscore,tsne,3,,,10.0,hierarchical,4,0.188944011926651,0.28089341539727103
647,diff_zscore,tsne,3,,,10.0,hierarchical,5,0.20686721801757812,0.319652725597757
648,diff_zscore,tsne,3,,,30.0,kmeans,3,0.26585298776626587,0.8423088228716851
649,diff_zscore,tsne,3,,,30.0,kmeans,4,0.2710920572280884,0.8268299357496508
650,diff_zscore,tsne,3,,,30.0,kmeans,5,0.27656710147857666,0.9510201979019379
651,diff_zscore,tsne,3,,,30.0,gmm,3,0.2623279094696045,0.4693236035312635
652,diff_zscore,tsne,3,,,30.0,gmm,4,0.2623882591724396,0.6638469682538758
653,diff_zscore,tsne,3,,,30.0,gmm,5,0.27174779772758484,0.9012530013915355
654,diff_zscore,tsne,3,,,30.0,hierarchical,3,0.1890702247619629,0.2756731086226662
655,diff_zscore,tsne,3,,,30.0,hierarchical,4,0.18828260898590088,0.34382631864508845
656,diff_zscore,tsne,3,,,30.0,hierarchical,5,0.192876398563385,0.3517855400084314
657,diff_zscore,tsne,3,,,50.0,kmeans,3,0.27667415142059326,0.9539165832252786
658,diff_zscore,tsne,3,,,50.0,kmeans,4,0.2644317150115967,0.9470909663902022
659,diff_zscore,tsne,3,,,50.0,kmeans,5,0.27152886986732483,0.9590349756637004
660,diff_zscore,tsne,3,,,50.0,gmm,3,0.2718563675880432,0.8921862165164959
661,diff_zscore,tsne,3,,,50.0,gmm,4,0.26163625717163086,0.8495079152404205
662,diff_zscore,tsne,3,,,50.0,gmm,5,0.26708897948265076,0.7456876882033677
663,diff_zscore,tsne,3,,,50.0,hierarchical,3,0.22051593661308289,0.3278952335063849
664,diff_zscore,tsne,3,,,50.0,hierarchical,4,0.21233373880386353,0.4178390229512192
665,diff_zscore,tsne,3,,,50.0,hierarchical,5,0.2183830887079239,0.407308049050202
666,returns,pca,2,,,,kmeans,3,0.9458390700752604,1.0
667,returns,pca,2,,,,kmeans,4,0.705754083930467,0.924690561916699
668,returns,pca,2,,,,kmeans,5,0.6854519051395765,0.9706744094316668
669,returns,pca,2,,,,gmm,3,0.053714714489085366,0.5949347029521576
670,returns,pca,2,,,,gmm,4,0.2696557718287338,0.9065010470128004
671,returns,pca,2,,,,gmm,5,0.1784969906631069,0.6278482400913997
672,returns,pca,2,,,,hierarchical,3,0.9458390700752604,1.0
673,returns,pca,2,,,,hierarchical,4,0.7051563985954525,0.7840269545643571
674,returns,pca,2,,,,hierarchical,5,0.6714382947919398,0.8196196893097278
675,returns,pca,3,,,,kmeans,3,0.9339426244739069,1.0
676,returns,pca,3,,,,kmeans,4,0.6404955056264646,0.9280966783659104
677,returns,pca,3,,,,kmeans,5,0.615348720124424,0.9800682509339883
678,returns,pca,3,,,,gmm,3,0.2382015162143382,0.6173783249942008
679,returns,pca,3,,,,gmm,4,-0.021817557330666735,0.463605624947928
680,returns,pca,3,,,,gmm,5,0.03207117793313331,0.6506279255207896
681,returns,pca,3,,,,hierarchical,3,0.9339426244739069,1.0
682,returns,pca,3,,,,hierarchical,4,0.5849533101899694,0.606606605900039
683,returns,pca,3,,,,hierarchical,5,0.5914522183715198,0.741256219808904
684,returns,pca,5,,,,kmeans,3,0.9210192941785861,1.0
685,returns,pca,5,,,,kmeans,4,0.5819839271010304,0.9004542865356739
686,returns,pca,5,,,,kmeans,5,0.5593050371056922,0.979189717625703
687,returns,pca,5,,,,gmm,3,0.04111268494122695,0.654195025300063
688,returns,pca,5,,,,gmm,4,0.21472104579036122,0.3711990806140518
689,returns,pca,5,,,,gmm,5,0.019727139238205044,0.7074381410103119
690,returns,pca,5,,,,hierarchical,3,0.9210192941785861,1.0
691,returns,pca,5,,,,hierarchical,4,0.6955804645718993,0.6859847056875182
692,returns,pca,5,,,,hierarchical,5,0.6057204571561474,0.7599400657943199
693,returns,pca,10,,,,kmeans,3,0.9122723964478402,1.0
694,returns,pca,10,,,,kmeans,4,0.5427011553616125,0.924015501455467
695,returns,pca,10,,,,kmeans,5,0.5271994571512931,0.9672305761689755
696,returns,pca,10,,,,gmm,3,0.3135790541308324,0.501949535479121
697,returns,pca,10,,,,gmm,4,0.3120116055027157,0.5207060616497945
698,returns,pca,10,,,,gmm,5,0.35451521361271593,0.33559254430385815
699,returns,pca,10,,,,hierarchical,3,0.9122723964478402,1.0
700,returns,pca,10,,,,hierarchical,4,0.5604131319272841,0.6511185278497211
701,returns,pca,10,,,,hierarchical,5,0.5597917016942894,0.789606573218666
702,returns,umap,2,5.0,0.0,,kmeans,3,0.3614479899406433,0.9289074401017947
703,returns,umap,2,5.0,0.0,,kmeans,4,0.3720135986804962,0.7311507426705519
704,returns,umap,2,5.0,0.0,,kmeans,5,0.3826325237751007,0.49344204465359753
705,returns,umap,2,5.0,0.0,,gmm,3,0.2812555134296417,0.2972577889571871
706,returns,umap,2,5.0,0.0,,gmm,4,0.14498816430568695,0.35039329989539697
707,returns,umap,2,5.0,0.0,,gmm,5,0.30920395255088806,0.25327402422048934
708,returns,umap,2,5.0,0.0,,hierarchical,3,0.32219910621643066,0.6142591699544481
709,returns,umap,2,5.0,0.0,,hierarchical,4,0.3396990895271301,0.5648739206008851
710,returns,umap,2,5.0,0.0,,hierarchical,5,0.3486103415489197,0.8351892577063289
711,returns,umap,2,5.0,0.1,,kmeans,3,0.36501285433769226,0.9448909089529599
712,returns,umap,2,5.0,0.1,,kmeans,4,0.3533053696155548,0.9614379776691057
713,returns,umap,2,5.0,0.1,,kmeans,5,0.35806214809417725,0.9772050139617044
714,returns,umap,2,5.0,0.1,,gmm,3,0.24850548803806305,0.29749926175504715
715,returns,umap,2,5.0,0.1,,gmm,4,0.3332923948764801,0.39891424073536413
716,returns,umap,2,5.0,0.1,,gmm,5,0.2767316699028015,0.46107910429998716
717,returns,umap,2,5.0,0.1,,hierarchical,3,0.3388757109642029,0.6925423726854545
718,returns,umap,2,5.0,0.1,,hierarchical,4,0.3246302008628845,0.6277586094287623
719,returns,umap,2,5.0,0.1,,hierarchical,5,0.33719319105148315,0.63985716649085
720,returns,umap,2,5.0,0.5,,kmeans,3,0.3326512277126312,0.8810115079584597
721,returns,umap,2,5.0,0.5,,kmeans,4,0.3335772752761841,0.9589639939292883
722,returns,umap,2,5.0,0.5,,kmeans,5,0.3386804163455963,0.9290096784949207
723,returns,umap,2,5.0,0.5,,gmm,3,0.32201260328292847,0.4794230106239676
724,returns,umap,2,5.0,0.5,,gmm,4,0.3207429051399231,0.7152325761981493
725,returns,umap,2,5.0,0.5,,gmm,5,0.2905580997467041,0.6537584550619977
726,returns,umap,2,5.0,0.5,,hierarchical,3,0.2916859984397888,0.362408917443536
727,returns,umap,2,5.0,0.5,,hierarchical,4,0.283261239528656,0.38342276603002806
728,returns,umap,2,5.0,0.5,,hierarchical,5,0.26376211643218994,0.39690816862894385
729,returns,umap,2,15.0,0.0,,kmeans,3,0.3794787526130676,0.9708863707593532
730,returns,umap,2,15.0,0.0,,kmeans,4,0.40067604184150696,0.7499031432773048
731,returns,umap,2,15.0,0.0,,kmeans,5,0.3689616024494171,0.679913357368987
732,returns,umap,2,15.0,0.0,,gmm,3,0.1939588487148285,0.45423835225904846
733,returns,umap,2,15.0,0.0,,gmm,4,0.2741088569164276,0.5487277192179099
734,returns,umap,2,15.0,0.0,,gmm,5,0.06778118014335632,0.1966969793312284
735,returns,umap,2,15.0,0.0,,hierarchical,3,0.30855321884155273,0.46039138614531433
736,returns,umap,2,15.0,0.0,,hierarchical,4,0.3271027207374573,0.4703159412514107
737,returns,umap,2,15.0,0.0,,hierarchical,5,0.3422165811061859,0.44567283040355976
738,returns,umap,2,15.0,0.1,,kmeans,3,0.33927443623542786,0.986467933580373
739,returns,umap,2,15.0,0.1,,kmeans,4,0.3513433039188385,0.9859593841684783
740,returns,umap,2,15.0,0.1,,kmeans,5,0.3614707589149475,0.9642742453024021
741,returns,umap,2,15.0,0.1,,gmm,3,0.3583938479423523,0.20872034078859147
742,returns,umap,2,15.0,0.1,,gmm,4,0.3527127802371979,0.35006754675886986
743,returns,umap,2,15.0,0.1,,gmm,5,0.31070172786712646,0.39819267117334806
744,returns,umap,2,15.0,0.1,,hierarchical,3,0.2923583388328552,0.6041692897187138
745,returns,umap,2,15.0,0.1,,hierarchical,4,0.3203117847442627,0.6171910937157716
746,returns,umap,2,15.0,0.1,,hierarchical,5,0.3154974579811096,0.5333061313640087
747,returns,umap,2,15.0,0.5,,kmeans,3,0.33777564764022827,0.9765898784980087
748,returns,umap,2,15.0,0.5,,kmeans,4,0.35294556617736816,0.9842852791955912
749,returns,umap,2,15.0,0.5,,kmeans,5,0.3435419499874115,0.8872485139515771
750,returns,umap,2,15.0,0.5,,gmm,3,0.31820783019065857,0.7716989469185378
751,returns,umap,2,15.0,0.5,,gmm,4,0.3082365095615387,0.575061981916966
752,returns,umap,2,15.0,0.5,,gmm,5,0.31949493288993835,0.47861254335120745
753,returns,umap,2,15.0,0.5,,hierarchical,3,0.27380967140197754,0.2796108810917788
754,returns,umap,2,15.0,0.5,,hierarchical,4,0.2901955842971802,0.21226914554114565
755,returns,umap,2,15.0,0.5,,hierarchical,5,0.2940269410610199,0.37382617011791214
756,returns,umap,2,30.0,0.0,,kmeans,3,0.3597154915332794,0.9950129630379635
757,returns,umap,2,30.0,0.0,,kmeans,4,0.37612318992614746,0.854853327623596
758,returns,umap,2,30.0,0.0,,kmeans,5,0.39117369055747986,0.7322144388248397
759,returns,umap,2,30.0,0.0,,gmm,3,0.4341787099838257,0.46494384417525614
760,returns,umap,2,30.0,0.0,,gmm,4,0.27315595746040344,0.4148237168455963
761,returns,umap,2,30.0,0.0,,gmm,5,0.3863162696361542,0.4436481042140884
762,returns,umap,2,30.0,0.0,,hierarchical,3,0.2722029387950897,0.2319191127800007
763,returns,umap,2,30.0,0.0,,hierarchical,4,0.32533127069473267,0.4632579304579207
764,returns,umap,2,30.0,0.0,,hierarchical,5,0.3410147428512573,0.666618490755951
765,returns,umap,2,30.0,0.1,,kmeans,3,0.3513319790363312,0.967252727385437
766,returns,umap,2,30.0,0.1,,kmeans,4,0.3685225546360016,0.9132798304935277
767,returns,umap,2,30.0,0.1,,kmeans,5,0.3665989637374878,0.9863843536587367
768,returns,umap,2,30.0,0.1,,gmm,3,0.32258230447769165,0.2972698507407757
769,returns,umap,2,30.0,0.1,,gmm,4,0.36872372031211853,0.5220609001810312
770,returns,umap,2,30.0,0.1,,gmm,5,0.1079358160495758,0.527504342640801
771,returns,umap,2,30.0,0.1,,hierarchical,3,0.2958540618419647,0.5942517729422906
772,returns,umap,2,30.0,0.1,,hierarchical,4,0.34260594844818115,0.5957831217760272
773,returns,umap,2,30.0,0.1,,hierarchical,5,0.3259701728820801,0.6631284561774043
774,returns,umap,2,30.0,0.5,,kmeans,3,0.3473140001296997,0.980204695255829
775,returns,umap,2,30.0,0.5,,kmeans,4,0.33115899562835693,0.975736124893584
776,returns,umap,2,30.0,0.5,,kmeans,5,0.3336571753025055,0.821460487044585
777,returns,umap,2,30.0,0.5,,gmm,3,0.32638534903526306,0.7619143392106897
778,returns,umap,2,30.0,0.5,,gmm,4,0.23120146989822388,0.3023200543938017
779,returns,umap,2,30.0,0.5,,gmm,5,0.19042028486728668,0.24406736479818675
780,returns,umap,2,30.0,0.5,,hierarchical,3,0.317618191242218,0.5556895747656252
781,returns,umap,2,30.0,0.5,,hierarchical,4,0.3061320185661316,0.4905772186683427
782,returns,umap,2,30.0,0.5,,hierarchical,5,0.30529430508613586,0.4432735742107333
783,returns,umap,3,5.0,0.0,,kmeans,3,0.3121400475502014,0.878803528099108
784,returns,umap,3,5.0,0.0,,kmeans,4,0.36790338158607483,0.9498122929491082
785,returns,umap,3,5.0,0.0,,kmeans,5,0.3379083275794983,0.9697803300969849
786,returns,umap,3,5.0,0.0,,gmm,3,0.21109721064567566,0.46600825333504675
787,returns,umap,3,5.0,0.0,,gmm,4,0.15763530135154724,0.3220883628684825
788,returns,umap,3,5.0,0.0,,gmm,5,0.24389530718326569,0.5514446011684714
789,returns,umap,3,5.0,0.0,,hierarchical,3,0.31565961241722107,0.793578537502292
790,returns,umap,3,5.0,0.0,,hierarchical,4,0.34361448884010315,0.8608754341233
791,returns,umap,3,5.0,0.0,,hierarchical,5,0.3228541910648346,0.8256365457258245
792,returns,umap,3,5.0,0.1,,kmeans,3,0.2824927568435669,0.8349095213160076
793,returns,umap,3,5.0,0.1,,kmeans,4,0.3264024257659912,0.9806267995450216
794,returns,umap,3,5.0,0.1,,kmeans,5,0.3203185200691223,0.6308922710928334
795,returns,umap,3,5.0,0.1,,gmm,3,0.2725045084953308,0.4530565306163025
796,returns,umap,3,5.0,0.1,,gmm,4,0.2260495126247406,0.5138608149283054
797,returns,umap,3,5.0,0.1,,gmm,5,0.24601513147354126,0.6413035040693806
798,returns,umap,3,5.0,0.1,,hierarchical,3,0.3065788745880127,0.8043168932750269
799,returns,umap,3,5.0,0.1,,hierarchical,4,0.3274634778499603,0.7918079060458658
800,returns,umap,3,5.0,0.1,,hierarchical,5,0.3042691946029663,0.7294348871876413
801,returns,umap,3,5.0,0.5,,kmeans,3,0.24223677814006805,0.6808719821310806
802,returns,umap,3,5.0,0.5,,kmeans,4,0.2684726417064667,0.7710946170672844
803,returns,umap,3,5.0,0.5,,kmeans,5,0.28578659892082214,0.9075454906597379
804,returns,umap,3,5.0,0.5,,gmm,3,0.15661251544952393,0.34709017510071805
805,returns,umap,3,5.0,0.5,,gmm,4,0.16084535419940948,0.4359261420960181
806,returns,umap,3,5.0,0.5,,gmm,5,0.2417413890361786,0.4797122462875511
807,returns,umap,3,5.0,0.5,,hierarchical,3,0.2468860000371933,0.2690168918099059
808,returns,umap,3,5.0,0.5,,hierarchical,4,0.22743937373161316,0.2332023308293178
809,returns,umap,3,5.0,0.5,,hierarchical,5,0.2536105811595917,0.31649227188672996
810,returns,umap,3,15.0,0.0,,kmeans,3,0.29080450534820557,0.9821011195788324
811,returns,umap,3,15.0,0.0,,kmeans,4,0.3144989311695099,0.852581592701205
812,returns,umap,3,15.0,0.0,,kmeans,5,0.32285767793655396,0.8739265800073766
813,returns,umap,3,15.0,0.0,,gmm,3,0.25228533148765564,0.5234440565796038
814,returns,umap,3,15.0,0.0,,gmm,4,0.23835071921348572,0.4568317084694533
815,returns,umap,3,15.0,0.0,,gmm,5,0.24711021780967712,0.3522037687602657
816,returns,umap,3,15.0,0.0,,hierarchical,3,0.2752319276332855,0.30342339574538013
817,returns,umap,3,15.0,0.0,,hierarchical,4,0.2836465835571289,0.41186160613635897
818,returns,umap,3,15.0,0.0,,hierarchical,5,0.29236671328544617,0.33270205021171373
819,returns,umap,3,15.0,0.1,,kmeans,3,0.2900794744491577,0.9951731617636316
820,returns,umap,3,15.0,0.1,,kmeans,4,0.289460688829422,0.8827066634033561
821,returns,umap,3,15.0,0.1,,kmeans,5,0.29748648405075073,0.8096873195707142
822,returns,umap,3,15.0,0.1,,gmm,3,0.23532265424728394,0.40829937279682843
823,returns,umap,3,15.0,0.1,,gmm,4,0.13083630800247192,0.22158692677986622
824,returns,umap,3,15.0,0.1,,gmm,5,0.13917338848114014,0.2880107411457829
825,returns,umap,3,15.0,0.1,,hierarchical,3,0.2360076904296875,0.29625401448640626
826,returns,umap,3,15.0,0.1,,hierarchical,4,0.2503278851509094,0.3699742606781084
827,returns,umap,3,15.0,0.1,,hierarchical,5,0.25835734605789185,0.33751972335469227
828,returns,umap,3,15.0,0.5,,kmeans,3,0.26605862379074097,0.9861658873956358
829,returns,umap,3,15.0,0.5,,kmeans,4,0.263415664434433,0.9788783306409397
830,returns,umap,3,15.0,0.5,,kmeans,5,0.2835041880607605,0.8875723967463465
831,returns,umap,3,15.0,0.5,,gmm,3,0.2596258819103241,0.7739370205775502
832,returns,umap,3,15.0,0.5,,gmm,4,0.21086177229881287,0.6056596855457363
833,returns,umap,3,15.0,0.5,,gmm,5,0.1952829509973526,0.5300534796386043
834,returns,umap,3,15.0,0.5,,hierarchical,3,0.2414996325969696,0.4481001529432931
835,returns,umap,3,15.0,0.5,,hierarchical,4,0.22084371745586395,0.34960299935328726
836,returns,umap,3,15.0,0.5,,hierarchical,5,0.24290910363197327,0.330476358538306
837,returns,umap,3,30.0,0.0,,kmeans,3,0.2912121117115021,0.9741558333234087
838,returns,umap,3,30.0,0.0,,kmeans,4,0.3189648985862732,0.8972921179935679
839,returns,umap,3,30.0,0.0,,kmeans,5,0.33118370175361633,0.9509605833782022
840,returns,umap,3,30.0,0.0,,gmm,3,0.31326228380203247,0.46162246747907404
841,returns,umap,3,30.0,0.0,,gmm,4,0.26383715867996216,0.39184186632399365
842,returns,umap,3,30.0,0.0,,gmm,5,0.2476331889629364,0.5692435348796984
843,returns,umap,3,30.0,0.0,,hierarchical,3,0.2805049419403076,0.6119606632110881
844,returns,umap,3,30.0,0.0,,hierarchical,4,0.2718317210674286,0.5863692690191975
845,returns,umap,3,30.0,0.0,,hierarchical,5,0.2803378403186798,0.5854547823688878
846,returns,umap,3,30.0,0.1,,kmeans,3,0.2999025285243988,0.793251845956346
847,returns,umap,3,30.0,0.1,,kmeans,4,0.3061600625514984,0.9673174265183861
848,returns,umap,3,30.0,0.1,,kmeans,5,0.3155878484249115,0.7942966264917406
849,returns,umap,3,30.0,0.1,,gmm,3,0.2301342785358429,0.37364906714982815
850,returns,umap,3,30.0,0.1,,gmm,4,0.14846909046173096,0.29228522728323275
851,returns,umap,3,30.0,0.1,,gmm,5,0.16725502908229828,0.36155855567380013
852,returns,umap,3,30.0,0.1,,hierarchical,3,0.2768235504627228,0.3577917337040375
853,returns,umap,3,30.0,0.1,,hierarchical,4,0.2908506691455841,0.39086727269632454
854,returns,umap,3,30.0,0.1,,hierarchical,5,0.2793208658695221,0.41016105915461365
855,returns,umap,3,30.0,0.5,,kmeans,3,0.2613236606121063,0.36910523745420526
856,returns,umap,3,30.0,0.5,,kmeans,4,0.25703519582748413,0.8130466853525415
857,returns,umap,3,30.0,0.5,,kmeans,5,0.2824963629245758,0.9694947665819913
858,returns,umap,3,30.0,0.5,,gmm,3,0.2257033884525299,0.2226516813247431
859,returns,umap,3,30.0,0.5,,gmm,4,0.1956993043422699,0.39033387493769844
860,returns,umap,3,30.0,0.5,,gmm,5,0.21723654866218567,0.5136910257809922
861,returns,umap,3,30.0,0.5,,hierarchical,3,0.25463536381721497,0.5240986727879047
862,returns,umap,3,30.0,0.5,,hierarchical,4,0.21920683979988098,0.44193091386676947
863,returns,umap,3,30.0,0.5,,hierarchical,5,0.24245314300060272,0.4623201765780119
864,returns,umap,5,5.0,0.0,,kmeans,3,0.288467675447464,0.8658827187113455
865,returns,umap,5,5.0,0.0,,kmeans,4,0.3205448091030121,0.813671449191479
866,returns,umap,5,5.0,0.0,,kmeans,5,0.3518199324607849,0.8562595556063514
867,returns,umap,5,5.0,0.0,,gmm,3,0.24485430121421814,0.24205016479305524
868,returns,umap,5,5.0,0.0,,gmm,4,0.19650743901729584,0.5285309692969515
869,returns,umap,5,5.0,0.0,,gmm,5,0.2739216983318329,0.6208654936563291
870,returns,umap,5,5.0,0.0,,hierarchical,3,0.2812859117984772,0.97542908216498
871,returns,umap,5,5.0,0.0,,hierarchical,4,0.3329290449619293,0.9346945680906532
872,returns,umap,5,5.0,0.0,,hierarchical,5,0.3134058713912964,0.9304817047923989
873,returns,umap,5,5.0,0.1,,kmeans,3,0.28504765033721924,0.9593113797554753
874,returns,umap,5,5.0,0.1,,kmeans,4,0.2870773375034332,0.927288122757464
875,returns,umap,5,5.0,0.1,,kmeans,5,0.2954784631729126,0.9685975915591856
876,returns,umap,5,5.0,0.1,,gmm,3,0.26730093359947205,0.478374535474937
877,returns,umap,5,5.0,0.1,,gmm,4,0.2549583911895752,0.5164851086286134
878,returns,umap,5,5.0,0.1,,gmm,5,0.2472875863313675,0.5417477151161054
879,returns,umap,5,5.0,0.1,,hierarchical,3,0.24724379181861877,0.5630491741049293
880,returns,umap,5,5.0,0.1,,hierarchical,4,0.2547963261604309,0.5980922129536714
881,returns,umap,5,5.0,0.1,,hierarchical,5,0.2838137447834015,0.6944293050762786
882,returns,umap,5,5.0,0.5,,kmeans,3,0.2673546075820923,0.9813158992419407
883,returns,umap,5,5.0,0.5,,kmeans,4,0.24854637682437897,0.9688663646433622
884,returns,umap,5,5.0,0.5,,kmeans,5,0.264154314994812,0.845601205706809
885,returns,umap,5,5.0,0.5,,gmm,3,0.19368216395378113,0.5226736142229448
886,returns,umap,5,5.0,0.5,,gmm,4,0.1668630987405777,0.3178537191344328
887,returns,umap,5,5.0,0.5,,gmm,5,0.1749444156885147,0.3900977928138093
888,returns,umap,5,5.0,0.5,,hierarchical,3,0.20495031774044037,0.3642516465373543
889,returns,umap,5,5.0,0.5,,hierarchical,4,0.19846010208129883,0.4399648901425725
890,returns,umap,5,5.0,0.5,,hierarchical,5,0.1630992740392685,0.34909986750158645
891,returns,umap,5,15.0,0.0,,kmeans,3,0.26722806692123413,0.9626383067120209
892,returns,umap,5,15.0,0.0,,kmeans,4,0.28166836500167847,0.8768222102832317
893,returns,umap,5,15.0,0.0,,kmeans,5,0.3283447027206421,0.7620640787074447
894,returns,umap,5,15.0,0.0,,gmm,3,0.2011260986328125,0.2430139504829222
895,returns,umap,5,15.0,0.0,,gmm,4,0.259242445230484,0.29036586571405254
896,returns,umap,5,15.0,0.0,,gmm,5,0.3039091229438782,0.5475987307806048
897,returns,umap,5,15.0,0.0,,hierarchical,3,0.27055683732032776,0.6090081073048479
898,returns,umap,5,15.0,0.0,,hierarchical,4,0.3117486238479614,0.5038263442534412
899,returns,umap,5,15.0,0.0,,hierarchical,5,0.28339171409606934,0.4691854813322649
900,returns,umap,5,15.0,0.1,,kmeans,3,0.2591182589530945,0.9722203103006263
901,returns,umap,5,15.0,0.1,,kmeans,4,0.2544683516025543,0.6584183365652758
902,returns,umap,5,15.0,0.1,,kmeans,5,0.2779340147972107,0.895280094274618
903,returns,umap,5,15.0,0.1,,gmm,3,0.19800829887390137,0.23648452708866396
904,returns,umap,5,15.0,0.1,,gmm,4,0.2533431649208069,0.44268825443742565
905,returns,umap,5,15.0,0.1,,gmm,5,0.24587160348892212,0.5610716896221853
906,returns,umap,5,15.0,0.1,,hierarchical,3,0.22582904994487762,0.4765877444638914
907,returns,umap,5,15.0,0.1,,hierarchical,4,0.2018636018037796,0.4033342631742969
908,returns,umap,5,15.0,0.1,,hierarchical,5,0.2560012638568878,0.4398701591162506
909,returns,umap,5,15.0,0.5,,kmeans,3,0.29790180921554565,0.8629694517754877
910,returns,umap,5,15.0,0.5,,kmeans,4,0.2758800983428955,0.9725597298449035
911,returns,umap,5,15.0,0.5,,kmeans,5,0.2626718580722809,0.6691248935508983
912,returns,umap,5,15.0,0.5,,gmm,3,0.16240480542182922,0.3586992077957143
913,returns,umap,5,15.0,0.5,,gmm,4,0.18972276151180267,0.520275324968633
914,returns,umap,5,15.0,0.5,,gmm,5,0.1803397536277771,0.28961798629408436
915,returns,umap,5,15.0,0.5,,hierarchical,3,0.16113625466823578,0.4248960628592026
916,returns,umap,5,15.0,0.5,,hierarchical,4,0.17605136334896088,0.41802064369334424
917,returns,umap,5,15.0,0.5,,hierarchical,5,0.19868382811546326,0.4074906109110511
918,returns,umap,5,30.0,0.0,,kmeans,3,0.2674928605556488,0.9617378673024021
919,returns,umap,5,30.0,0.0,,kmeans,4,0.26427510380744934,0.5538503789354361
920,returns,umap,5,30.0,0.0,,kmeans,5,0.34790295362472534,0.586936037143771
921,returns,umap,5,30.0,0.0,,gmm,3,0.763392984867096,0.05343469044969451
922,returns,umap,5,30.0,0.0,,gmm,4,0.2721400260925293,0.3848156010124223
923,returns,umap,5,30.0,0.0,,gmm,5,0.26678547263145447,0.44254210625858226
924,returns,umap,5,30.0,0.0,,hierarchical,3,0.2640739679336548,0.7278928055230277
925,returns,umap,5,30.0,0.0,,hierarchical,4,0.31696203351020813,0.7601043378232123
926,returns,umap,5,30.0,0.0,,hierarchical,5,0.32328540086746216,0.7067722348598886
927,returns,umap,5,30.0,0.1,,kmeans,3,0.24088217318058014,0.9126318627096723
928,returns,umap,5,30.0,0.1,,kmeans,4,0.2507733702659607,0.8397477041825239
929,returns,umap,5,30.0,0.1,,kmeans,5,0.26293331384658813,0.6982357612846424
930,returns,umap,5,30.0,0.1,,gmm,3,0.1498088836669922,0.19625085420690305
931,returns,umap,5,30.0,0.1,,gmm,4,0.16922172904014587,0.21337881176662143
932,returns,umap,5,30.0,0.1,,gmm,5,0.18542155623435974,0.3058022810296238
933,returns,umap,5,30.0,0.1,,hierarchical,3,0.25236740708351135,0.4542300562082752
934,returns,umap,5,30.0,0.1,,hierarchical,4,0.26174429059028625,0.3483299997679952
935,returns,umap,5,30.0,0.1,,hierarchical,5,0.2641037106513977,0.501493711990578
936,returns,umap,5,30.0,0.5,,kmeans,3,0.2921609580516815,0.9281671293472928
937,returns,umap,5,30.0,0.5,,kmeans,4,0.29066202044487,0.8477382585887422
938,returns,umap,5,30.0,0.5,,kmeans,5,0.2753334641456604,0.9793243557308344
939,returns,umap,5,30.0,0.5,,gmm,3,0.7420661449432373,0.04877679041404092
940,returns,umap,5,30.0,0.5,,gmm,4,0.20337334275245667,0.3881998728646057
941,returns,umap,5,30.0,0.5,,gmm,5,0.1609278917312622,0.39884187612135624
942,returns,umap,5,30.0,0.5,,hierarchical,3,0.22476156055927277,0.5507368573150174
943,returns,umap,5,30.0,0.5,,hierarchical,4,0.22483141720294952,0.6260519041640981
944,returns,umap,5,30.0,0.5,,hierarchical,5,0.1709170639514923,0.5181184202422365
945,returns,tsne,2,,,10.0,kmeans,3,0.36679941415786743,0.8969863764452332
946,returns,tsne,2,,,10.0,kmeans,4,0.38225769996643066,0.9782330618288901
947,returns,tsne,2,,,10.0,kmeans,5,0.3841840922832489,0.984994742989194
948,returns,tsne,2,,,10.0,gmm,3,0.3613835871219635,0.619492914087698
949,returns,tsne,2,,,10.0,gmm,4,0.3771781623363495,0.9119477121443118
950,returns,tsne,2,,,10.0,gmm,5,0.36428025364875793,0.7327840144967738
951,returns,tsne,2,,,10.0,hierarchical,3,0.32290053367614746,0.3935201105596583
952,returns,tsne,2,,,10.0,hierarchical,4,0.3159964084625244,0.4478057474707295
953,returns,tsne,2,,,10.0,hierarchical,5,0.3248012065887451,0.5745501507675316
954,returns,tsne,2,,,30.0,kmeans,3,0.3872564136981964,0.9919263018175696
955,returns,tsne,2,,,30.0,kmeans,4,0.3842105269432068,0.9744261838964886
956,returns,tsne,2,,,30.0,kmeans,5,0.36977773904800415,0.9730663430785743
957,returns,tsne,2,,,30.0,gmm,3,0.33447420597076416,0.3891354452345628
958,returns,tsne,2,,,30.0,gmm,4,0.36867424845695496,0.6535371686662238
959,returns,tsne,2,,,30.0,gmm,5,0.34803080558776855,0.7287826304015403
960,returns,tsne,2,,,30.0,hierarchical,3,0.31379908323287964,0.3922576452569494
961,returns,tsne,2,,,30.0,hierarchical,4,0.3271944522857666,0.5269594430281421
962,returns,tsne,2,,,30.0,hierarchical,5,0.33509957790374756,0.6295013647368791
963,returns,tsne,2,,,50.0,kmeans,3,0.36985915899276733,0.9761309055787867
964,returns,tsne,2,,,50.0,kmeans,4,0.39978381991386414,0.9813645285733702
965,returns,tsne,2,,,50.0,kmeans,5,0.3902667164802551,0.9787998056127443
966,returns,tsne,2,,,50.0,gmm,3,0.35115987062454224,0.35264278513060304
967,returns,tsne,2,,,50.0,gmm,4,0.39822760224342346,0.9568706666761534
968,returns,tsne,2,,,50.0,gmm,5,0.3698107600212097,0.7717268175648765
969,returns,tsne,2,,,50.0,hierarchical,3,0.34249433875083923,0.5316744899112092
970,returns,tsne,2,,,50.0,hierarchical,4,0.3679812252521515,0.6904948367033592
971,returns,tsne,2,,,50.0,hierarchical,5,0.35989922285079956,0.7274896431156397
972,returns,tsne,3,,,10.0,kmeans,3,0.25704625248908997,0.9136639692902232
973,returns,tsne,3,,,10.0,kmeans,4,0.2794869542121887,0.7016091078986507
974,returns,tsne,3,,,10.0,kmeans,5,0.26903656125068665,0.9700492673846342
975,returns,tsne,3,,,10.0,gmm,3,0.24754741787910461,0.5232392532270282
976,returns,tsne,3,,,10.0,gmm,4,0.25234732031822205,0.5912592889390834
977,returns,tsne,3,,,10.0,gmm,5,0.21447467803955078,0.49691530673284495
978,returns,tsne,3,,,10.0,hierarchical,3,0.23125699162483215,0.3761545311530945
979,returns,tsne,3,,,10.0,hierarchical,4,0.20652298629283905,0.39953452151661056
980,returns,tsne,3,,,10.0,hierarchical,5,0.20942148566246033,0.40485821971662395
981,returns,tsne,3,,,30.0,kmeans,3,0.274257093667984,0.9487460538323069
982,returns,tsne,3,,,30.0,kmeans,4,0.28868499398231506,0.9828826470189139
983,returns,tsne,3,,,30.0,kmeans,5,0.2858369052410126,0.9768809444414215
984,returns,tsne,3,,,30.0,gmm,3,0.2643829882144928,0.7868882173074667
985,returns,tsne,3,,,30.0,gmm,4,0.24342793226242065,0.48755817064777845
986,returns,tsne,3,,,30.0,gmm,5,0.20670011639595032,0.44625770985064334
987,returns,tsne,3,,,30.0,hierarchical,3,0.2439006119966507,0.5258848178924165
988,returns,tsne,3,,,30.0,hierarchical,4,0.23869070410728455,0.6069959519044963
989,returns,tsne,3,,,30.0,hierarchical,5,0.24781985580921173,0.5783571878956583
990,returns,tsne,3,,,50.0,kmeans,3,0.294098436832428,0.9513414607978053
991,returns,tsne,3,,,50.0,kmeans,4,0.3316422402858734,0.9915517689113549
992,returns,tsne,3,,,50.0,kmeans,5,0.3347705602645874,0.9380116180149187
993,returns,tsne,3,,,50.0,gmm,3,0.2671924829483032,0.6261484386851097
994,returns,tsne,3,,,50.0,gmm,4,0.29730793833732605,0.8941599630728762
995,returns,tsne,3,,,50.0,gmm,5,0.278667688369751,0.7311352370685077
996,returns,tsne,3,,,50.0,hierarchical,3,0.23511342704296112,0.29611798564341163
997,returns,tsne,3,,,50.0,hierarchical,4,0.2662838399410248,0.3130730025588525
998,returns,tsne,3,,,50.0,hierarchical,5,0.2782379984855652,0.4588413126945685
